# COSI2 B0 scan,,,,,,
# time 2024-05-23 10:02:34.516565,,,,,,
# MAGNET CENTER IN LAB: x 241.700 mm, y 131.100 mm, z 273.800 mm,,,,
# MAGNET AXES WRT LAB: alpha -90.00 deg, beta -90.00 deg, gamma 0.00 deg,,,,
# path: /home/cosi/cosi-measure/Software/COSI2/data/240522/path_with_magnet_80mm_8pts,,,,,,
# X[mm],Y[mm],Z[mm],B0_x[mT],B0_y[mT|,B0_z[mT],B0_abs[mT]
257.7,93.77,204.47,-47.601,-0.937,2.008,47.653
247.03,93.77,204.47,-47.602,-0.947,2.017,47.657
215.03,104.43,204.47,-47.632,-0.987,2.019,47.687
225.7,104.43,204.47,-47.623,-0.971,2.017,47.674
236.37,104.43,204.47,-47.609,-0.954,2.015,47.662
247.03,104.43,204.47,-47.607,-0.937,2.012,47.658
257.7,104.43,204.47,-47.609,-0.927,2.007,47.66
268.37,104.43,204.47,-47.603,-0.914,2.008,47.655
279.03,115.1,204.47,-47.607,-0.898,2.004,47.658
268.37,115.1,204.47,-47.604,-0.912,2.003,47.655
257.7,115.1,204.47,-47.612,-0.926,2.008,47.662
247.03,115.1,204.47,-47.611,-0.934,2.013,47.66
236.37,115.1,204.47,-47.617,-0.952,2.012,47.67
225.7,115.1,204.47,-47.616,-0.961,2.014,47.668
204.37,125.77,204.47,-47.642,-0.98,2.002,47.697
215.03,125.77,204.47,-47.635,-0.968,2.004,47.685
225.7,125.77,204.47,-47.621,-0.952,2.012,47.673
236.37,125.77,204.47,-47.615,-0.937,2.006,47.671
247.03,125.77,204.47,-47.605,-0.935,2.006,47.659
257.7,125.77,204.47,-47.609,-0.925,2.009,47.659
268.37,125.77,204.47,-47.609,-0.909,2.011,47.66
279.03,125.77,204.47,-47.611,-0.896,2.01,47.659
289.7,136.43,204.47,-47.614,-0.878,2.012,47.667
279.03,136.43,204.47,-47.608,-0.889,2.015,47.661
268.37,136.43,204.47,-47.612,-0.903,2.013,47.66
257.7,136.43,204.47,-47.607,-0.916,2.015,47.659
247.03,136.43,204.47,-47.606,-0.925,2.011,47.658
236.37,136.43,204.47,-47.613,-0.936,2.01,47.664
225.7,136.43,204.47,-47.618,-0.948,2.002,47.672
215.03,136.43,204.47,-47.625,-0.962,2,47.675
215.03,147.1,204.47,-47.622,-0.958,1.994,47.674
225.7,147.1,204.47,-47.616,-0.945,2.002,47.665
236.37,147.1,204.47,-47.605,-0.931,2.004,47.658
247.03,147.1,204.47,-47.603,-0.92,2.007,47.656
257.7,147.1,204.47,-47.603,-0.905,2.016,47.654
268.37,147.1,204.47,-47.609,-0.9,2.02,47.66
279.03,157.77,204.47,-47.606,-0.882,2.032,47.658
268.37,157.77,204.47,-47.595,-0.9,2.027,47.648
257.7,157.77,204.47,-47.598,-0.906,2.019,47.653
247.03,157.77,204.47,-47.605,-0.917,2.014,47.656
236.37,157.77,204.47,-47.598,-0.926,2.006,47.651
225.7,157.77,204.47,-47.604,-0.936,1.996,47.654
236.37,168.43,204.47,-47.59,-0.916,2.003,47.64
247.03,168.43,204.47,-47.586,-0.914,2.014,47.637
225.7,189.77,215.13,-47.586,-0.919,1.983,47.633
236.37,189.77,215.13,-47.581,-0.906,1.997,47.632
247.03,189.77,215.13,-47.577,-0.898,2.014,47.629
257.7,189.77,215.13,-47.575,-0.89,2.025,47.627
289.7,179.1,215.13,-47.609,-0.867,2.058,47.659
279.03,179.1,215.13,-47.597,-0.874,2.052,47.65
268.37,179.1,215.13,-47.595,-0.888,2.032,47.648
257.7,179.1,215.13,-47.591,-0.896,2.019,47.642
247.03,179.1,215.13,-47.592,-0.902,2.005,47.643
236.37,179.1,215.13,-47.59,-0.912,1.998,47.641
225.7,179.1,215.13,-47.598,-0.923,1.986,47.65
215.03,179.1,215.13,-47.607,-0.935,1.972,47.656
204.37,168.43,215.13,-47.639,-0.951,1.963,47.688
215.03,168.43,215.13,-47.621,-0.942,1.978,47.671
225.7,168.43,215.13,-47.609,-0.93,1.989,47.661
236.37,168.43,215.13,-47.601,-0.918,2.001,47.658
247.03,168.43,215.13,-47.607,-0.907,2.005,47.655
257.7,168.43,215.13,-47.6,-0.9,2.018,47.651
268.37,168.43,215.13,-47.607,-0.892,2.027,47.659
279.03,168.43,215.13,-47.609,-0.884,2.04,47.661
300.37,157.77,215.13,-47.628,-0.864,2.034,47.686
289.7,157.77,215.13,-47.626,-0.874,2.031,47.675
279.03,157.77,215.13,-47.624,-0.886,2.034,47.675
268.37,157.77,215.13,-47.611,-0.895,2.017,47.66
257.7,157.77,215.13,-47.612,-0.904,2.014,47.659
247.03,157.77,215.13,-47.611,-0.914,2.005,47.661
236.37,157.77,215.13,-47.614,-0.923,1.994,47.665
225.7,157.77,215.13,-47.619,-0.932,1.986,47.67
215.03,157.77,215.13,-47.633,-0.946,1.982,47.684
204.37,157.77,215.13,-47.642,-0.959,1.971,47.694
193.7,147.1,215.13,-47.656,-0.979,1.973,47.707
204.37,147.1,215.13,-47.647,-0.971,1.978,47.699
215.03,147.1,215.13,-47.632,-0.955,1.982,47.684
225.7,147.1,215.13,-47.618,-0.945,1.982,47.671
236.37,147.1,215.13,-47.628,-0.933,1.995,47.677
247.03,147.1,215.13,-47.616,-0.925,1.999,47.667
257.7,147.1,215.13,-47.619,-0.909,2.005,47.669
268.37,147.1,215.13,-47.615,-0.9,2.013,47.666
279.03,147.1,215.13,-47.623,-0.889,2.017,47.673
289.7,147.1,215.13,-47.624,-0.881,2.019,47.673
300.37,136.43,215.13,-47.641,-0.87,2.01,47.693
289.7,136.43,215.13,-47.63,-0.88,2.013,47.681
279.03,136.43,215.13,-47.619,-0.891,2.011,47.672
268.37,136.43,215.13,-47.621,-0.905,2.009,47.674
257.7,136.43,215.13,-47.618,-0.91,2,47.668
247.03,136.43,215.13,-47.628,-0.928,1.999,47.676
236.37,136.43,215.13,-47.63,-0.934,1.999,47.679
225.7,136.43,215.13,-47.635,-0.948,1.989,47.686
215.03,136.43,215.13,-47.641,-0.962,1.996,47.692
204.37,136.43,215.13,-47.651,-0.967,1.985,47.705
193.7,125.77,215.13,-47.671,-0.998,1.988,47.722
204.37,125.77,215.13,-47.656,-0.982,1.986,47.707
215.03,125.77,215.13,-47.644,-0.967,1.997,47.701
225.7,125.77,215.13,-47.637,-0.957,1.998,47.686
236.37,125.77,215.13,-47.628,-0.935,1.993,47.679
247.03,125.77,215.13,-47.626,-0.929,1.999,47.675
257.7,125.77,215.13,-47.621,-0.922,1.997,47.672
268.37,125.77,215.13,-47.621,-0.905,2.001,47.672
279.03,125.77,215.13,-47.624,-0.896,2.003,47.669
289.7,125.77,215.13,-47.624,-0.879,2.002,47.674
289.7,115.1,215.13,-47.626,-0.878,1.994,47.675
279.03,115.1,215.13,-47.623,-0.895,1.997,47.674
268.37,115.1,215.13,-47.619,-0.908,2,47.67
257.7,115.1,215.13,-47.622,-0.922,1.999,47.67
247.03,115.1,215.13,-47.621,-0.937,1.996,47.672
236.37,115.1,215.13,-47.629,-0.945,2.001,47.683
225.7,115.1,215.13,-47.638,-0.955,2.001,47.691
215.03,115.1,215.13,-47.655,-0.978,2.004,47.708
204.37,104.43,215.13,-47.66,-0.995,2.007,47.713
215.03,104.43,215.13,-47.647,-0.984,2.005,47.698
225.7,104.43,215.13,-47.638,-0.963,2.002,47.69
236.37,104.43,215.13,-47.631,-0.955,2,47.682
247.03,104.43,215.13,-47.625,-0.936,2.003,47.679
257.7,104.43,215.13,-47.619,-0.925,2.001,47.67
268.37,104.43,215.13,-47.616,-0.909,2,47.666
279.03,104.43,215.13,-47.622,-0.897,1.997,47.674
268.37,93.77,215.13,-47.613,-0.911,1.992,47.662
257.7,93.77,215.13,-47.613,-0.928,1.999,47.664
247.03,93.77,215.13,-47.621,-0.942,2.007,47.675
236.37,93.77,215.13,-47.624,-0.961,2.005,47.679
268.37,72.43,225.8,-47.62,-0.921,1.984,47.666
257.7,72.43,225.8,-47.622,-0.932,1.993,47.675
247.03,72.43,225.8,-47.629,-0.948,2,47.682
236.37,72.43,225.8,-47.635,-0.964,2.006,47.689
204.37,83.1,225.8,-47.676,-1.014,2.01,47.727
215.03,83.1,225.8,-47.666,-0.995,2.004,47.714
225.7,83.1,225.8,-47.659,-0.977,2.005,47.708
236.37,83.1,225.8,-47.644,-0.955,1.999,47.695
247.03,83.1,225.8,-47.631,-0.943,2,47.68
257.7,83.1,225.8,-47.63,-0.931,1.993,47.679
268.37,83.1,225.8,-47.623,-0.912,1.982,47.673
279.03,83.1,225.8,-47.624,-0.897,1.975,47.673
300.37,93.77,225.8,-47.638,-0.866,1.97,47.687
289.7,93.77,225.8,-47.633,-0.883,1.976,47.682
279.03,93.77,225.8,-47.63,-0.903,1.978,47.68
268.37,93.77,225.8,-47.629,-0.916,1.988,47.682
257.7,93.77,225.8,-47.636,-0.926,1.989,47.681
247.03,93.77,225.8,-47.642,-0.945,1.989,47.693
236.37,93.77,225.8,-47.647,-0.953,1.997,47.702
225.7,93.77,225.8,-47.655,-0.971,1.997,47.704
215.03,93.77,225.8,-47.671,-0.983,2,47.723
204.37,93.77,225.8,-47.678,-1.005,2.003,47.731
193.7,104.43,225.8,-47.692,-1.013,1.986,47.742
204.37,104.43,225.8,-47.676,-0.99,1.986,47.728
215.03,104.43,225.8,-47.667,-0.976,1.987,47.72
225.7,104.43,225.8,-47.661,-0.964,1.992,47.709
236.37,104.43,225.8,-47.643,-0.946,1.993,47.697
247.03,104.43,225.8,-47.641,-0.934,1.989,47.698
257.7,104.43,225.8,-47.64,-0.918,1.988,47.69
268.37,104.43,225.8,-47.633,-0.911,1.989,47.681
279.03,104.43,225.8,-47.634,-0.899,1.984,47.687
289.7,104.43,225.8,-47.634,-0.882,1.978,47.683
311.03,115.1,225.8,-47.654,-0.848,1.98,47.702
300.37,115.1,225.8,-47.649,-0.864,1.985,47.7
289.7,115.1,225.8,-47.638,-0.874,1.992,47.689
279.03,115.1,225.8,-47.633,-0.889,1.992,47.682
268.37,115.1,225.8,-47.636,-0.904,1.986,47.686
257.7,115.1,225.8,-47.637,-0.914,1.989,47.687
247.03,115.1,225.8,-47.641,-0.936,1.989,47.688
236.37,115.1,225.8,-47.65,-0.938,1.993,47.701
225.7,115.1,225.8,-47.653,-0.954,1.99,47.702
215.03,115.1,225.8,-47.665,-0.962,1.989,47.714
204.37,115.1,225.8,-47.669,-0.98,1.984,47.725
193.7,115.1,225.8,-47.693,-1,1.983,47.739
183.03,125.77,225.8,-47.693,-1.006,1.972,47.744
193.7,125.77,225.8,-47.683,-0.992,1.976,47.735
204.37,125.77,225.8,-47.671,-0.977,1.975,47.723
215.03,125.77,225.8,-47.661,-0.961,1.984,47.713
225.7,125.77,225.8,-47.654,-0.949,1.978,47.704
236.37,125.77,225.8,-47.639,-0.932,1.985,47.691
247.03,125.77,225.8,-47.636,-0.924,1.993,47.689
257.7,125.77,225.8,-47.637,-0.908,1.991,47.684
268.37,125.77,225.8,-47.641,-0.898,1.99,47.688
279.03,125.77,225.8,-47.64,-0.895,1.997,47.689
289.7,125.77,225.8,-47.637,-0.873,1.994,47.693
300.37,125.77,225.8,-47.65,-0.867,1.988,47.699
311.03,136.43,225.8,-47.661,-0.854,1.997,47.709
300.37,136.43,225.8,-47.644,-0.863,2.004,47.694
289.7,136.43,225.8,-47.644,-0.877,2.007,47.692
279.03,136.43,225.8,-47.642,-0.888,2.005,47.688
268.37,136.43,225.8,-47.636,-0.899,2.003,47.684
257.7,136.43,225.8,-47.634,-0.908,1.994,47.684
247.03,136.43,225.8,-47.636,-0.912,1.991,47.687
236.37,136.43,225.8,-47.644,-0.93,1.985,47.698
225.7,136.43,225.8,-47.645,-0.939,1.984,47.699
215.03,136.43,225.8,-47.655,-0.952,1.977,47.705
204.37,136.43,225.8,-47.662,-0.965,1.974,47.713
193.7,136.43,225.8,-47.678,-0.975,1.968,47.733
183.03,147.1,225.8,-47.685,-0.983,1.951,47.732
193.7,147.1,225.8,-47.674,-0.969,1.951,47.721
204.37,147.1,225.8,-47.658,-0.957,1.962,47.708
215.03,147.1,225.8,-47.648,-0.942,1.967,47.701
225.7,147.1,225.8,-47.64,-0.932,1.982,47.691
236.37,147.1,225.8,-47.633,-0.922,1.988,47.68
247.03,147.1,225.8,-47.63,-0.914,1.992,47.681
257.7,147.1,225.8,-47.627,-0.908,2.003,47.681
268.37,147.1,225.8,-47.632,-0.891,2.01,47.683
279.03,147.1,225.8,-47.635,-0.881,2.001,47.685
289.7,147.1,225.8,-47.637,-0.871,2.012,47.688
300.37,147.1,225.8,-47.647,-0.866,2.013,47.699
300.37,157.77,225.8,-47.643,-0.858,2.032,47.694
289.7,157.77,225.8,-47.639,-0.874,2.025,47.687
279.03,157.77,225.8,-47.623,-0.883,2.025,47.677
268.37,157.77,225.8,-47.628,-0.889,2.015,47.679
257.7,157.77,225.8,-47.62,-0.9,2.006,47.673
247.03,157.77,225.8,-47.62,-0.909,1.999,47.673
236.37,157.77,225.8,-47.624,-0.919,1.991,47.677
225.7,157.77,225.8,-47.637,-0.93,1.982,47.685
215.03,157.77,225.8,-47.644,-0.939,1.976,47.695
204.37,157.77,225.8,-47.655,-0.948,1.964,47.702
193.7,168.43,225.8,-47.654,-0.955,1.948,47.704
204.37,168.43,225.8,-47.643,-0.938,1.957,47.69
215.03,168.43,225.8,-47.631,-0.931,1.969,47.681
225.7,168.43,225.8,-47.624,-0.916,1.982,47.674
236.37,168.43,225.8,-47.62,-0.913,1.993,47.671
247.03,168.43,225.8,-47.609,-0.901,1.998,47.66
257.7,168.43,225.8,-47.613,-0.892,2.015,47.661
268.37,168.43,225.8,-47.619,-0.883,2.018,47.67
279.03,168.43,225.8,-47.62,-0.876,2.027,47.67
289.7,168.43,225.8,-47.627,-0.863,2.037,47.678
289.7,179.1,225.8,-47.619,-0.866,2.055,47.673
279.03,179.1,225.8,-47.612,-0.871,2.046,47.664
268.37,179.1,225.8,-47.607,-0.887,2.032,47.657
257.7,179.1,225.8,-47.595,-0.889,2.014,47.643
247.03,179.1,225.8,-47.6,-0.898,2.005,47.654
236.37,179.1,225.8,-47.61,-0.903,1.993,47.657
225.7,179.1,225.8,-47.609,-0.908,1.977,47.661
215.03,179.1,225.8,-47.618,-0.922,1.972,47.672
225.7,189.77,225.8,-47.595,-0.915,1.983,47.646
236.37,189.77,225.8,-47.59,-0.9,1.998,47.641
247.03,189.77,225.8,-47.585,-0.892,2.007,47.638
257.7,189.77,225.8,-47.588,-0.888,2.017,47.639
236.37,211.1,236.47,-47.572,-0.893,1.98,47.622
247.03,211.1,236.47,-47.564,-0.888,2,47.615
289.7,200.43,236.47,-47.597,-0.858,2.068,47.653
279.03,200.43,236.47,-47.588,-0.865,2.05,47.64
268.37,200.43,236.47,-47.583,-0.875,2.033,47.637
257.7,200.43,236.47,-47.589,-0.882,2.016,47.64
247.03,200.43,236.47,-47.586,-0.885,2,47.637
236.37,200.43,236.47,-47.59,-0.897,1.989,47.638
225.7,200.43,236.47,-47.595,-0.899,1.976,47.643
215.03,200.43,236.47,-47.602,-0.906,1.955,47.648
193.7,189.77,236.47,-47.639,-0.932,1.926,47.687
204.37,189.77,236.47,-47.625,-0.924,1.943,47.675
215.03,189.77,236.47,-47.62,-0.91,1.957,47.669
225.7,189.77,236.47,-47.606,-0.909,1.971,47.655
236.37,189.77,236.47,-47.601,-0.896,1.986,47.651
247.03,189.77,236.47,-47.595,-0.886,2.003,47.645
257.7,189.77,236.47,-47.591,-0.884,2.009,47.645
268.37,189.77,236.47,-47.593,-0.876,2.031,47.647
279.03,189.77,236.47,-47.607,-0.87,2.045,47.661
289.7,189.77,236.47,-47.618,-0.86,2.062,47.67
311.03,179.1,236.47,-47.658,-0.847,2.076,47.71
300.37,179.1,236.47,-47.644,-0.86,2.07,47.695
289.7,179.1,236.47,-47.631,-0.862,2.046,47.681
279.03,179.1,236.47,-47.618,-0.871,2.037,47.669
268.37,179.1,236.47,-47.61,-0.879,2.025,47.663
257.7,179.1,236.47,-47.608,-0.886,2.013,47.66
247.03,179.1,236.47,-47.613,-0.897,1.996,47.663
236.37,179.1,236.47,-47.612,-0.902,1.985,47.661
225.7,179.1,236.47,-47.622,-0.907,1.969,47.674
215.03,179.1,236.47,-47.632,-0.916,1.958,47.679
204.37,179.1,236.47,-47.647,-0.936,1.945,47.696
193.7,179.1,236.47,-47.657,-0.939,1.932,47.703
183.03,168.43,236.47,-47.684,-0.964,1.93,47.73
193.7,168.43,236.47,-47.666,-0.951,1.936,47.715
204.37,168.43,236.47,-47.649,-0.94,1.942,47.698
215.03,168.43,236.47,-47.638,-0.929,1.956,47.688
225.7,168.43,236.47,-47.632,-0.918,1.965,47.686
236.37,168.43,236.47,-47.626,-0.906,1.984,47.676
247.03,168.43,236.47,-47.627,-0.898,1.986,47.678
257.7,168.43,236.47,-47.626,-0.89,2.004,47.675
268.37,168.43,236.47,-47.624,-0.883,2.015,47.674
279.03,168.43,236.47,-47.633,-0.871,2.025,47.684
289.7,168.43,236.47,-47.64,-0.865,2.033,47.689
300.37,168.43,236.47,-47.651,-0.86,2.04,47.702
311.03,157.77,236.47,-47.668,-0.849,2.026,47.718
300.37,157.77,236.47,-47.657,-0.86,2.029,47.706
289.7,157.77,236.47,-47.646,-0.867,2.02,47.697
279.03,157.77,236.47,-47.639,-0.88,2.015,47.691
268.37,157.77,236.47,-47.63,-0.887,2.01,47.686
257.7,157.77,236.47,-47.636,-0.896,2,47.686
247.03,157.77,236.47,-47.635,-0.904,1.991,47.685
236.37,157.77,236.47,-47.638,-0.913,1.981,47.689
225.7,157.77,236.47,-47.641,-0.916,1.969,47.694
215.03,157.77,236.47,-47.655,-0.93,1.967,47.704
204.37,157.77,236.47,-47.659,-0.947,1.951,47.711
193.7,157.77,236.47,-47.679,-0.955,1.944,47.728
172.37,147.1,236.47,-47.712,-0.991,1.934,47.763
183.03,147.1,236.47,-47.697,-0.981,1.943,47.747
193.7,147.1,236.47,-47.683,-0.964,1.943,47.732
204.37,147.1,236.47,-47.674,-0.952,1.955,47.719
215.03,147.1,236.47,-47.66,-0.945,1.964,47.71
225.7,147.1,236.47,-47.649,-0.928,1.972,47.701
236.37,147.1,236.47,-47.647,-0.919,1.973,47.699
247.03,147.1,236.47,-47.642,-0.912,1.987,47.691
257.7,147.1,236.47,-47.64,-0.901,1.994,47.693
268.37,147.1,236.47,-47.645,-0.887,1.998,47.696
279.03,147.1,236.47,-47.649,-0.877,2.006,47.701
289.7,147.1,236.47,-47.645,-0.87,2.004,47.697
300.37,147.1,236.47,-47.659,-0.855,2.011,47.713
311.03,147.1,236.47,-47.676,-0.852,2.012,47.726
321.7,136.43,236.47,-47.683,-0.84,1.997,47.732
311.03,136.43,236.47,-47.673,-0.851,2.003,47.716
300.37,136.43,236.47,-47.664,-0.859,2.004,47.714
289.7,136.43,236.47,-47.657,-0.87,1.999,47.703
279.03,136.43,236.47,-47.647,-0.879,1.996,47.696
268.37,136.43,236.47,-47.644,-0.894,1.993,47.694
257.7,136.43,236.47,-47.645,-0.903,1.993,47.693
247.03,136.43,236.47,-47.647,-0.91,1.987,47.701
236.37,136.43,236.47,-47.65,-0.926,1.982,47.7
225.7,136.43,236.47,-47.659,-0.93,1.971,47.709
215.03,136.43,236.47,-47.669,-0.948,1.969,47.718
204.37,136.43,236.47,-47.681,-0.956,1.963,47.731
193.7,136.43,236.47,-47.692,-0.973,1.952,47.747
183.03,136.43,236.47,-47.708,-0.989,1.947,47.759
183.03,125.77,236.47,-47.706,-0.998,1.948,47.758
193.7,125.77,236.47,-47.701,-0.982,1.966,47.752
204.37,125.77,236.47,-47.683,-0.965,1.962,47.732
215.03,125.77,236.47,-47.671,-0.957,1.972,47.721
225.7,125.77,236.47,-47.668,-0.94,1.975,47.718
236.37,125.77,236.47,-47.656,-0.937,1.982,47.707
247.03,125.77,236.47,-47.649,-0.918,1.983,47.698
257.7,125.77,236.47,-47.654,-0.906,1.986,47.701
268.37,125.77,236.47,-47.648,-0.901,1.985,47.698
279.03,125.77,236.47,-47.654,-0.882,1.984,47.701
289.7,125.77,236.47,-47.654,-0.878,1.988,47.701
300.37,125.77,236.47,-47.659,-0.861,1.984,47.709
311.03,115.1,236.47,-47.664,-0.849,1.976,47.712
300.37,115.1,236.47,-47.659,-0.86,1.981,47.708
289.7,115.1,236.47,-47.656,-0.874,1.986,47.706
279.03,115.1,236.47,-47.65,-0.889,1.984,47.699
268.37,115.1,236.47,-47.649,-0.896,1.983,47.702
257.7,115.1,236.47,-47.655,-0.911,1.981,47.706
247.03,115.1,236.47,-47.65,-0.925,1.985,47.701
236.37,115.1,236.47,-47.661,-0.935,1.982,47.714
225.7,115.1,236.47,-47.664,-0.946,1.984,47.719
215.03,115.1,236.47,-47.669,-0.955,1.978,47.722
204.37,115.1,236.47,-47.684,-0.972,1.973,47.735
193.7,115.1,236.47,-47.699,-0.988,1.966,47.745
183.03,104.43,236.47,-47.722,-1.021,1.976,47.772
193.7,104.43,236.47,-47.704,-1.002,1.979,47.755
204.37,104.43,236.47,-47.689,-0.986,1.981,47.74
215.03,104.43,236.47,-47.676,-0.973,1.977,47.729
225.7,104.43,236.47,-47.669,-0.955,1.986,47.72
236.37,104.43,236.47,-47.663,-0.942,1.984,47.715
247.03,104.43,236.47,-47.652,-0.93,1.981,47.705
257.7,104.43,236.47,-47.647,-0.919,1.978,47.694
268.37,104.43,236.47,-47.645,-0.904,1.985,47.695
279.03,104.43,236.47,-47.647,-0.89,1.978,47.694
289.7,104.43,236.47,-47.646,-0.881,1.977,47.701
300.37,104.43,236.47,-47.653,-0.862,1.974,47.702
300.37,93.77,236.47,-47.654,-0.868,1.97,47.703
289.7,93.77,236.47,-47.649,-0.884,1.971,47.697
279.03,93.77,236.47,-47.641,-0.895,1.979,47.693
268.37,93.77,236.47,-47.644,-0.903,1.978,47.695
257.7,93.77,236.47,-47.649,-0.916,1.981,47.699
247.03,93.77,236.47,-47.651,-0.936,1.982,47.703
236.37,93.77,236.47,-47.66,-0.944,1.986,47.708
225.7,93.77,236.47,-47.671,-0.962,1.99,47.722
215.03,93.77,236.47,-47.679,-0.977,1.986,47.73
204.37,93.77,236.47,-47.699,-0.993,1.986,47.748
204.37,83.1,236.47,-47.691,-1,2.004,47.744
215.03,83.1,236.47,-47.676,-0.983,1.995,47.728
225.7,83.1,236.47,-47.669,-0.97,1.991,47.72
236.37,83.1,236.47,-47.657,-0.952,1.983,47.707
247.03,83.1,236.47,-47.643,-0.939,1.984,47.693
257.7,83.1,236.47,-47.648,-0.923,1.984,47.697
268.37,83.1,236.47,-47.64,-0.912,1.974,47.688
279.03,83.1,236.47,-47.642,-0.898,1.971,47.69
257.7,72.43,236.47,-47.638,-0.929,1.989,47.693
247.03,72.43,236.47,-47.647,-0.944,1.985,47.696
215.03,61.77,247.13,-47.69,-0.989,1.996,47.747
225.7,61.77,247.13,-47.678,-0.978,1.994,47.73
236.37,61.77,247.13,-47.665,-0.959,1.988,47.714
247.03,61.77,247.13,-47.654,-0.949,1.985,47.707
257.7,61.77,247.13,-47.645,-0.928,1.981,47.695
268.37,61.77,247.13,-47.649,-0.915,1.974,47.696
289.7,72.43,247.13,-47.649,-0.887,1.959,47.699
279.03,72.43,247.13,-47.641,-0.898,1.966,47.69
268.37,72.43,247.13,-47.648,-0.913,1.969,47.697
257.7,72.43,247.13,-47.655,-0.932,1.976,47.708
247.03,72.43,247.13,-47.658,-0.941,1.981,47.712
236.37,72.43,247.13,-47.666,-0.958,1.989,47.716
225.7,72.43,247.13,-47.68,-0.966,1.992,47.732
215.03,72.43,247.13,-47.696,-0.983,1.993,47.746
193.7,83.1,247.13,-47.726,-1.014,1.985,47.779
204.37,83.1,247.13,-47.708,-0.995,1.986,47.76
215.03,83.1,247.13,-47.689,-0.976,1.984,47.741
225.7,83.1,247.13,-47.681,-0.959,1.98,47.732
236.37,83.1,247.13,-47.678,-0.958,1.981,47.727
247.03,83.1,247.13,-47.664,-0.937,1.971,47.713
257.7,83.1,247.13,-47.655,-0.922,1.971,47.705
268.37,83.1,247.13,-47.651,-0.91,1.97,47.7
279.03,83.1,247.13,-47.649,-0.895,1.961,47.701
289.7,83.1,247.13,-47.654,-0.886,1.958,47.702
311.03,93.77,247.13,-47.668,-0.857,1.954,47.718
300.37,93.77,247.13,-47.668,-0.867,1.952,47.714
289.7,93.77,247.13,-47.663,-0.883,1.961,47.711
279.03,93.77,247.13,-47.655,-0.891,1.967,47.707
268.37,93.77,247.13,-47.656,-0.902,1.968,47.708
257.7,93.77,247.13,-47.659,-0.917,1.974,47.71
247.03,93.77,247.13,-47.669,-0.931,1.972,47.719
236.37,93.77,247.13,-47.67,-0.941,1.973,47.721
225.7,93.77,247.13,-47.686,-0.955,1.975,47.735
215.03,93.77,247.13,-47.701,-0.972,1.981,47.747
204.37,93.77,247.13,-47.71,-0.988,1.979,47.761
193.7,93.77,247.13,-47.731,-1.007,1.971,47.782
172.37,104.43,247.13,-47.758,-1.035,1.955,47.808
183.03,104.43,247.13,-47.736,-1.008,1.961,47.788
193.7,104.43,247.13,-47.724,-0.996,1.964,47.773
204.37,104.43,247.13,-47.712,-0.982,1.966,47.76
215.03,104.43,247.13,-47.688,-0.964,1.967,47.74
225.7,104.43,247.13,-47.682,-0.949,1.971,47.732
236.37,104.43,247.13,-47.673,-0.936,1.969,47.724
247.03,104.43,247.13,-47.666,-0.921,1.971,47.718
257.7,104.43,247.13,-47.665,-0.913,1.969,47.711
268.37,104.43,247.13,-47.664,-0.902,1.972,47.713
279.03,104.43,247.13,-47.662,-0.889,1.967,47.71
289.7,104.43,247.13,-47.666,-0.877,1.969,47.716
300.37,104.43,247.13,-47.672,-0.866,1.961,47.723
311.03,104.43,247.13,-47.674,-0.852,1.958,47.727
321.7,115.1,247.13,-47.685,-0.834,1.962,47.734
311.03,115.1,247.13,-47.683,-0.85,1.973,47.732
300.37,115.1,247.13,-47.674,-0.861,1.97,47.722
289.7,115.1,247.13,-47.669,-0.877,1.974,47.72
279.03,115.1,247.13,-47.667,-0.883,1.972,47.714
268.37,115.1,247.13,-47.66,-0.9,1.977,47.71
257.7,115.1,247.13,-47.662,-0.905,1.977,47.714
247.03,115.1,247.13,-47.665,-0.921,1.973,47.715
236.37,115.1,247.13,-47.669,-0.932,1.973,47.72
225.7,115.1,247.13,-47.681,-0.939,1.97,47.731
215.03,115.1,247.13,-47.693,-0.958,1.964,47.745
204.37,115.1,247.13,-47.707,-0.969,1.965,47.755
193.7,115.1,247.13,-47.716,-0.982,1.949,47.765
183.03,115.1,247.13,-47.736,-1.001,1.952,47.783
172.37,125.77,247.13,-47.739,-1.007,1.934,47.79
183.03,125.77,247.13,-47.726,-0.986,1.94,47.779
193.7,125.77,247.13,-47.709,-0.978,1.942,47.758
204.37,125.77,247.13,-47.695,-0.962,1.954,47.745
215.03,125.77,247.13,-47.682,-0.948,1.963,47.732
225.7,125.77,247.13,-47.675,-0.933,1.967,47.729
236.37,125.77,247.13,-47.666,-0.924,1.969,47.716
247.03,125.77,247.13,-47.664,-0.917,1.972,47.712
257.7,125.77,247.13,-47.657,-0.902,1.98,47.707
268.37,125.77,247.13,-47.666,-0.89,1.98,47.712
279.03,125.77,247.13,-47.663,-0.879,1.98,47.712
289.7,125.77,247.13,-47.661,-0.876,1.986,47.716
300.37,125.77,247.13,-47.674,-0.86,1.978,47.725
311.03,125.77,247.13,-47.68,-0.847,1.98,47.728
321.7,136.43,247.13,-47.696,-0.837,1.985,47.745
311.03,136.43,247.13,-47.682,-0.845,1.989,47.732
300.37,136.43,247.13,-47.681,-0.859,1.993,47.726
289.7,136.43,247.13,-47.666,-0.873,1.995,47.715
279.03,136.43,247.13,-47.665,-0.881,1.992,47.715
268.37,136.43,247.13,-47.666,-0.886,1.986,47.715
257.7,136.43,247.13,-47.657,-0.898,1.978,47.708
247.03,136.43,247.13,-47.66,-0.903,1.972,47.711
236.37,136.43,247.13,-47.667,-0.917,1.973,47.717
225.7,136.43,247.13,-47.669,-0.924,1.967,47.719
215.03,136.43,247.13,-47.681,-0.942,1.96,47.731
204.37,136.43,247.13,-47.689,-0.952,1.953,47.74
193.7,136.43,247.13,-47.701,-0.957,1.942,47.751
183.03,136.43,247.13,-47.717,-0.972,1.932,47.766
172.37,147.1,247.13,-47.727,-0.982,1.918,47.775
183.03,147.1,247.13,-47.716,-0.968,1.928,47.758
193.7,147.1,247.13,-47.699,-0.952,1.932,47.744
204.37,147.1,247.13,-47.682,-0.947,1.944,47.737
215.03,147.1,247.13,-47.676,-0.932,1.953,47.722
225.7,147.1,247.13,-47.657,-0.919,1.962,47.705
236.37,147.1,247.13,-47.658,-0.911,1.969,47.707
247.03,147.1,247.13,-47.653,-0.904,1.981,47.704
257.7,147.1,247.13,-47.648,-0.898,1.985,47.698
268.37,147.1,247.13,-47.655,-0.889,1.99,47.706
279.03,147.1,247.13,-47.655,-0.879,1.999,47.704
289.7,147.1,247.13,-47.661,-0.869,1.999,47.714
300.37,147.1,247.13,-47.675,-0.853,2.008,47.723
311.03,147.1,247.13,-47.682,-0.846,2.012,47.732
321.7,157.77,247.13,-47.702,-0.836,2.022,47.756
311.03,157.77,247.13,-47.682,-0.844,2.022,47.733
300.37,157.77,247.13,-47.671,-0.856,2.021,47.721
289.7,157.77,247.13,-47.659,-0.862,2.014,47.71
279.03,157.77,247.13,-47.652,-0.872,2.014,47.705
268.37,157.77,247.13,-47.645,-0.882,2.001,47.695
257.7,157.77,247.13,-47.645,-0.89,1.998,47.696
247.03,157.77,247.13,-47.644,-0.903,1.985,47.695
236.37,157.77,247.13,-47.647,-0.903,1.966,47.694
225.7,157.77,247.13,-47.652,-0.916,1.964,47.704
215.03,157.77,247.13,-47.667,-0.921,1.952,47.716
204.37,157.77,247.13,-47.665,-0.932,1.941,47.717
193.7,157.77,247.13,-47.681,-0.946,1.934,47.731
183.03,157.77,247.13,-47.7,-0.956,1.921,47.748
183.03,168.43,247.13,-47.696,-0.945,1.912,47.744
193.7,168.43,247.13,-47.667,-0.936,1.924,47.719
204.37,168.43,247.13,-47.659,-0.924,1.938,47.706
215.03,168.43,247.13,-47.648,-0.915,1.947,47.698
225.7,168.43,247.13,-47.638,-0.905,1.96,47.687
236.37,168.43,247.13,-47.634,-0.905,1.975,47.682
247.03,168.43,247.13,-47.63,-0.892,1.983,47.682
257.7,168.43,247.13,-47.627,-0.887,1.99,47.68
268.37,168.43,247.13,-47.638,-0.878,2.004,47.687
279.03,168.43,247.13,-47.645,-0.869,2.022,47.693
289.7,168.43,247.13,-47.647,-0.866,2.034,47.7
300.37,168.43,247.13,-47.665,-0.855,2.035,47.714
300.37,179.1,247.13,-47.656,-0.853,2.055,47.708
289.7,179.1,247.13,-47.636,-0.858,2.044,47.688
279.03,179.1,247.13,-47.629,-0.867,2.031,47.68
268.37,179.1,247.13,-47.622,-0.871,2.019,47.673
257.7,179.1,247.13,-47.617,-0.879,2.004,47.67
247.03,179.1,247.13,-47.624,-0.891,1.986,47.673
236.37,179.1,247.13,-47.626,-0.897,1.977,47.676
225.7,179.1,247.13,-47.628,-0.905,1.967,47.679
215.03,179.1,247.13,-47.638,-0.907,1.953,47.687
204.37,179.1,247.13,-47.645,-0.919,1.936,47.697
204.37,189.77,247.13,-47.632,-0.914,1.936,47.682
215.03,189.77,247.13,-47.623,-0.901,1.947,47.671
225.7,189.77,247.13,-47.617,-0.898,1.96,47.666
236.37,189.77,247.13,-47.612,-0.892,1.973,47.661
247.03,189.77,247.13,-47.609,-0.886,1.992,47.659
257.7,189.77,247.13,-47.61,-0.881,2.008,47.655
268.37,189.77,247.13,-47.609,-0.869,2.03,47.657
279.03,189.77,247.13,-47.615,-0.864,2.044,47.666
279.03,200.43,247.13,-47.603,-0.863,2.052,47.655
268.37,200.43,247.13,-47.597,-0.874,2.03,47.648
257.7,200.43,247.13,-47.591,-0.875,2.016,47.642
247.03,200.43,247.13,-47.585,-0.878,1.996,47.639
236.37,200.43,247.13,-47.596,-0.886,1.983,47.647
225.7,200.43,247.13,-47.598,-0.891,1.967,47.649
215.03,211.1,257.8,-47.597,-0.883,1.942,47.644
225.7,211.1,257.8,-47.59,-0.887,1.963,47.639
236.37,211.1,257.8,-47.585,-0.879,1.976,47.634
247.03,211.1,257.8,-47.58,-0.881,1.993,47.632
257.7,211.1,257.8,-47.585,-0.875,2.014,47.631
268.37,211.1,257.8,-47.582,-0.867,2.035,47.636
300.37,200.43,257.8,-47.623,-0.856,2.086,47.675
289.7,200.43,257.8,-47.616,-0.853,2.062,47.668
279.03,200.43,257.8,-47.606,-0.858,2.054,47.659
268.37,200.43,257.8,-47.595,-0.872,2.03,47.651
257.7,200.43,257.8,-47.596,-0.875,2.006,47.646
247.03,200.43,257.8,-47.597,-0.879,1.995,47.649
236.37,200.43,257.8,-47.6,-0.875,1.981,47.649
225.7,200.43,257.8,-47.61,-0.883,1.966,47.656
215.03,200.43,257.8,-47.613,-0.893,1.949,47.662
204.37,200.43,257.8,-47.622,-0.895,1.922,47.67
183.03,189.77,257.8,-47.665,-0.916,1.898,47.713
193.7,189.77,257.8,-47.654,-0.909,1.91,47.701
204.37,189.77,257.8,-47.636,-0.901,1.927,47.687
215.03,189.77,257.8,-47.63,-0.898,1.944,47.678
225.7,189.77,257.8,-47.62,-0.888,1.959,47.669
236.37,189.77,257.8,-47.62,-0.887,1.976,47.667
247.03,189.77,257.8,-47.621,-0.881,1.99,47.671
257.7,189.77,257.8,-47.612,-0.874,2.005,47.661
268.37,189.77,257.8,-47.618,-0.868,2.022,47.67
279.03,189.77,257.8,-47.623,-0.863,2.041,47.675
289.7,189.77,257.8,-47.631,-0.862,2.052,47.684
300.37,189.77,257.8,-47.649,-0.854,2.072,47.702
311.03,179.1,257.8,-47.68,-0.846,2.072,47.733
300.37,179.1,257.8,-47.665,-0.851,2.056,47.719
289.7,179.1,257.8,-47.649,-0.86,2.041,47.705
279.03,179.1,257.8,-47.638,-0.864,2.033,47.689
268.37,179.1,257.8,-47.638,-0.868,2.017,47.689
257.7,179.1,257.8,-47.628,-0.878,1.995,47.677
247.03,179.1,257.8,-47.633,-0.887,1.985,47.683
236.37,179.1,257.8,-47.63,-0.892,1.975,47.682
225.7,179.1,257.8,-47.641,-0.891,1.959,47.689
215.03,179.1,257.8,-47.642,-0.903,1.941,47.695
204.37,179.1,257.8,-47.656,-0.906,1.931,47.704
193.7,179.1,257.8,-47.671,-0.917,1.914,47.72
172.37,168.43,257.8,-47.714,-0.944,1.896,47.76
183.03,168.43,257.8,-47.704,-0.935,1.903,47.749
193.7,168.43,257.8,-47.685,-0.922,1.918,47.733
204.37,168.43,257.8,-47.671,-0.915,1.932,47.718
215.03,168.43,257.8,-47.658,-0.907,1.941,47.709
225.7,168.43,257.8,-47.659,-0.903,1.96,47.705
236.37,168.43,257.8,-47.651,-0.891,1.966,47.694
247.03,168.43,257.8,-47.642,-0.886,1.982,47.692
257.7,168.43,257.8,-47.642,-0.881,1.99,47.691
268.37,168.43,257.8,-47.645,-0.877,2,47.694
279.03,168.43,257.8,-47.652,-0.863,2.011,47.706
289.7,168.43,257.8,-47.662,-0.864,2.021,47.713
300.37,168.43,257.8,-47.675,-0.85,2.035,47.725
311.03,168.43,257.8,-47.692,-0.851,2.048,47.743
321.7,157.77,257.8,-47.715,-0.835,2.025,47.765
311.03,157.77,257.8,-47.697,-0.847,2.02,47.749
300.37,157.77,257.8,-47.688,-0.854,2.019,47.738
289.7,157.77,257.8,-47.666,-0.861,2.016,47.719
279.03,157.77,257.8,-47.663,-0.867,2.005,47.711
268.37,157.77,257.8,-47.659,-0.873,1.995,47.708
257.7,157.77,257.8,-47.65,-0.883,1.985,47.7
247.03,157.77,257.8,-47.655,-0.895,1.977,47.703
236.37,157.77,257.8,-47.657,-0.893,1.966,47.708
225.7,157.77,257.8,-47.664,-0.903,1.956,47.707
215.03,157.77,257.8,-47.669,-0.909,1.946,47.717
204.37,157.77,257.8,-47.683,-0.919,1.937,47.731
193.7,157.77,257.8,-47.694,-0.933,1.923,47.745
183.03,157.77,257.8,-47.71,-0.947,1.913,47.758
172.37,147.1,257.8,-47.74,-0.976,1.908,47.788
183.03,147.1,257.8,-47.719,-0.952,1.914,47.767
193.7,147.1,257.8,-47.706,-0.946,1.929,47.755
204.37,147.1,257.8,-47.695,-0.93,1.935,47.74
215.03,147.1,257.8,-47.678,-0.92,1.941,47.724
225.7,147.1,257.8,-47.674,-0.912,1.955,47.723
236.37,147.1,257.8,-47.668,-0.903,1.959,47.718
247.03,147.1,257.8,-47.661,-0.896,1.973,47.71
257.7,147.1,257.8,-47.666,-0.889,1.978,47.713
268.37,147.1,257.8,-47.664,-0.883,1.988,47.713
279.03,147.1,257.8,-47.669,-0.871,1.992,47.72
289.7,147.1,257.8,-47.673,-0.867,1.996,47.725
300.37,147.1,257.8,-47.686,-0.854,2,47.733
311.03,147.1,257.8,-47.702,-0.844,2.005,47.754
321.7,136.43,257.8,-47.711,-0.838,1.99,47.761
311.03,136.43,257.8,-47.702,-0.846,1.991,47.755
300.37,136.43,257.8,-47.685,-0.855,1.989,47.737
289.7,136.43,257.8,-47.678,-0.862,1.99,47.728
279.03,136.43,257.8,-47.674,-0.872,1.987,47.721
268.37,136.43,257.8,-47.668,-0.888,1.983,47.719
257.7,136.43,257.8,-47.666,-0.889,1.975,47.715
247.03,136.43,257.8,-47.666,-0.904,1.97,47.718
236.37,136.43,257.8,-47.67,-0.914,1.96,47.721
225.7,136.43,257.8,-47.685,-0.914,1.958,47.734
215.03,136.43,257.8,-47.692,-0.931,1.953,47.741
204.37,136.43,257.8,-47.703,-0.942,1.939,47.753
193.7,136.43,257.8,-47.713,-0.956,1.932,47.762
183.03,136.43,257.8,-47.729,-0.972,1.924,47.776
172.37,125.77,257.8,-47.755,-0.993,1.919,47.806
183.03,125.77,257.8,-47.736,-0.979,1.929,47.785
193.7,125.77,257.8,-47.723,-0.965,1.935,47.769
204.37,125.77,257.8,-47.711,-0.946,1.943,47.761
215.03,125.77,257.8,-47.695,-0.934,1.949,47.747
225.7,125.77,257.8,-47.695,-0.924,1.959,47.744
236.37,125.77,257.8,-47.679,-0.915,1.956,47.724
247.03,125.77,257.8,-47.68,-0.902,1.97,47.726
257.7,125.77,257.8,-47.672,-0.898,1.965,47.721
268.37,125.77,257.8,-47.675,-0.885,1.978,47.723
279.03,125.77,257.8,-47.671,-0.881,1.978,47.722
289.7,125.77,257.8,-47.681,-0.866,1.976,47.73
300.37,125.77,257.8,-47.686,-0.859,1.978,47.735
311.03,125.77,257.8,-47.695,-0.847,1.974,47.743
321.7,115.1,257.8,-47.703,-0.839,1.959,47.752
311.03,115.1,257.8,-47.69,-0.847,1.967,47.737
300.37,115.1,257.8,-47.69,-0.858,1.967,47.74
289.7,115.1,257.8,-47.678,-0.87,1.97,47.727
279.03,115.1,257.8,-47.677,-0.881,1.971,47.726
268.37,115.1,257.8,-47.673,-0.89,1.971,47.725
257.7,115.1,257.8,-47.674,-0.897,1.97,47.723
247.03,115.1,257.8,-47.674,-0.912,1.97,47.724
236.37,115.1,257.8,-47.685,-0.919,1.96,47.73
225.7,115.1,257.8,-47.685,-0.929,1.96,47.734
215.03,115.1,257.8,-47.702,-0.943,1.956,47.751
204.37,115.1,257.8,-47.716,-0.954,1.949,47.764
193.7,115.1,257.8,-47.729,-0.968,1.942,47.78
183.03,115.1,257.8,-47.743,-0.987,1.936,47.793
183.03,104.43,257.8,-47.748,-0.991,1.948,47.798
193.7,104.43,257.8,-47.737,-0.982,1.957,47.784
204.37,104.43,257.8,-47.718,-0.967,1.959,47.767
215.03,104.43,257.8,-47.699,-0.952,1.959,47.75
225.7,104.43,257.8,-47.696,-0.939,1.959,47.745
236.37,104.43,257.8,-47.687,-0.929,1.961,47.738
247.03,104.43,257.8,-47.682,-0.917,1.968,47.73
257.7,104.43,257.8,-47.673,-0.904,1.969,47.72
268.37,104.43,257.8,-47.675,-0.892,1.962,47.723
279.03,104.43,257.8,-47.676,-0.884,1.967,47.725
289.7,104.43,257.8,-47.679,-0.876,1.962,47.729
300.37,104.43,257.8,-47.682,-0.861,1.959,47.73
311.03,93.77,257.8,-47.684,-0.856,1.95,47.73
300.37,93.77,257.8,-47.68,-0.871,1.955,47.727
289.7,93.77,257.8,-47.67,-0.877,1.961,47.718
279.03,93.77,257.8,-47.671,-0.89,1.962,47.718
268.37,93.77,257.8,-47.673,-0.897,1.963,47.719
257.7,93.77,257.8,-47.674,-0.912,1.963,47.721
247.03,93.77,257.8,-47.681,-0.925,1.97,47.732
236.37,93.77,257.8,-47.686,-0.936,1.97,47.737
225.7,93.77,257.8,-47.693,-0.947,1.972,47.743
215.03,93.77,257.8,-47.704,-0.959,1.968,47.755
204.37,93.77,257.8,-47.719,-0.974,1.97,47.771
193.7,93.77,257.8,-47.739,-0.993,1.966,47.792
193.7,83.1,257.8,-47.743,-1,1.973,47.794
204.37,83.1,257.8,-47.725,-0.982,1.976,47.774
215.03,83.1,257.8,-47.703,-0.967,1.971,47.758
225.7,83.1,257.8,-47.693,-0.95,1.97,47.741
236.37,83.1,257.8,-47.68,-0.946,1.974,47.73
247.03,83.1,257.8,-47.674,-0.931,1.975,47.725
257.7,83.1,257.8,-47.671,-0.922,1.966,47.719
268.37,83.1,257.8,-47.668,-0.905,1.966,47.713
279.03,83.1,257.8,-47.667,-0.886,1.963,47.716
289.7,83.1,257.8,-47.673,-0.874,1.953,47.718
279.03,72.43,257.8,-47.659,-0.897,1.964,47.711
268.37,72.43,257.8,-47.664,-0.909,1.967,47.713
257.7,72.43,257.8,-47.669,-0.926,1.97,47.715
247.03,72.43,257.8,-47.673,-0.935,1.978,47.721
236.37,72.43,257.8,-47.682,-0.951,1.981,47.734
225.7,72.43,257.8,-47.684,-0.957,1.978,47.734
204.37,61.77,268.47,-47.741,-0.984,1.978,47.792
215.03,61.77,268.47,-47.723,-0.973,1.971,47.772
225.7,61.77,268.47,-47.701,-0.961,1.973,47.751
236.37,61.77,268.47,-47.696,-0.946,1.971,47.742
247.03,61.77,268.47,-47.688,-0.933,1.967,47.738
257.7,61.77,268.47,-47.68,-0.927,1.957,47.729
268.37,61.77,268.47,-47.678,-0.91,1.957,47.726
279.03,61.77,268.47,-47.672,-0.903,1.948,47.724
300.37,72.43,268.47,-47.68,-0.875,1.928,47.727
289.7,72.43,268.47,-47.676,-0.884,1.937,47.724
279.03,72.43,268.47,-47.678,-0.902,1.948,47.725
268.37,72.43,268.47,-47.682,-0.904,1.949,47.73
257.7,72.43,268.47,-47.683,-0.921,1.959,47.733
247.03,72.43,268.47,-47.683,-0.933,1.959,47.731
236.37,72.43,268.47,-47.698,-0.943,1.962,47.746
225.7,72.43,268.47,-47.711,-0.956,1.963,47.761
215.03,72.43,268.47,-47.724,-0.964,1.968,47.779
204.37,72.43,268.47,-47.745,-0.979,1.971,47.794
183.03,83.1,268.47,-47.785,-1.01,1.956,47.836
193.7,83.1,268.47,-47.765,-0.991,1.959,47.813
204.37,83.1,268.47,-47.741,-0.978,1.962,47.79
215.03,83.1,268.47,-47.726,-0.958,1.955,47.776
225.7,83.1,268.47,-47.709,-0.95,1.962,47.759
236.37,83.1,268.47,-47.692,-0.939,1.961,47.742
247.03,83.1,268.47,-47.689,-0.928,1.961,47.738
257.7,83.1,268.47,-47.688,-0.915,1.956,47.738
268.37,83.1,268.47,-47.676,-0.903,1.949,47.724
279.03,83.1,268.47,-47.678,-0.892,1.947,47.727
289.7,83.1,268.47,-47.682,-0.877,1.941,47.731
300.37,83.1,268.47,-47.687,-0.866,1.938,47.733
321.7,93.77,268.47,-47.71,-0.844,1.933,47.757
311.03,93.77,268.47,-47.696,-0.852,1.943,47.743
300.37,93.77,268.47,-47.687,-0.862,1.942,47.738
289.7,93.77,268.47,-47.685,-0.878,1.945,47.732
279.03,93.77,268.47,-47.687,-0.887,1.949,47.735
268.37,93.77,268.47,-47.685,-0.906,1.952,47.735
257.7,93.77,268.47,-47.69,-0.913,1.949,47.735
247.03,93.77,268.47,-47.692,-0.921,1.949,47.737
236.37,93.77,268.47,-47.7,-0.934,1.955,47.75
225.7,93.77,268.47,-47.71,-0.941,1.955,47.759
215.03,93.77,268.47,-47.722,-0.955,1.951,47.77
204.37,93.77,268.47,-47.741,-0.96,1.948,47.788
193.7,93.77,268.47,-47.761,-0.984,1.946,47.811
183.03,93.77,268.47,-47.785,-1.004,1.945,47.833
172.37,104.43,268.47,-47.793,-1.009,1.919,47.845
183.03,104.43,268.47,-47.771,-0.992,1.93,47.821
193.7,104.43,268.47,-47.748,-0.973,1.933,47.799
204.37,104.43,268.47,-47.731,-0.955,1.942,47.776
215.03,104.43,268.47,-47.719,-0.953,1.947,47.768
225.7,104.43,268.47,-47.707,-0.934,1.95,47.757
236.37,104.43,268.47,-47.7,-0.924,1.954,47.749
247.03,104.43,268.47,-47.688,-0.918,1.951,47.743
257.7,104.43,268.47,-47.688,-0.908,1.953,47.735
268.37,104.43,268.47,-47.682,-0.896,1.958,47.734
279.03,104.43,268.47,-47.69,-0.887,1.951,47.735
289.7,104.43,268.47,-47.693,-0.873,1.949,47.74
300.37,104.43,268.47,-47.701,-0.858,1.95,47.745
311.03,104.43,268.47,-47.702,-0.854,1.942,47.749
321.7,115.1,268.47,-47.716,-0.84,1.951,47.764
311.03,115.1,268.47,-47.708,-0.847,1.958,47.757
300.37,115.1,268.47,-47.694,-0.863,1.96,47.744
289.7,115.1,268.47,-47.695,-0.866,1.958,47.74
279.03,115.1,268.47,-47.687,-0.878,1.958,47.737
268.37,115.1,268.47,-47.685,-0.892,1.956,47.733
257.7,115.1,268.47,-47.683,-0.899,1.963,47.735
247.03,115.1,268.47,-47.684,-0.909,1.949,47.736
236.37,115.1,268.47,-47.692,-0.917,1.948,47.74
225.7,115.1,268.47,-47.699,-0.924,1.942,47.748
215.03,115.1,268.47,-47.719,-0.94,1.94,47.762
204.37,115.1,268.47,-47.726,-0.943,1.933,47.778
193.7,115.1,268.47,-47.744,-0.959,1.927,47.792
183.03,115.1,268.47,-47.759,-0.979,1.919,47.807
172.37,125.77,268.47,-47.778,-0.985,1.903,47.822
183.03,125.77,268.47,-47.756,-0.969,1.907,47.8
193.7,125.77,268.47,-47.736,-0.952,1.915,47.785
204.37,125.77,268.47,-47.717,-0.936,1.924,47.767
215.03,125.77,268.47,-47.71,-0.93,1.932,47.758
225.7,125.77,268.47,-47.695,-0.924,1.94,47.741
236.37,125.77,268.47,-47.689,-0.91,1.946,47.743
247.03,125.77,268.47,-47.684,-0.905,1.953,47.732
257.7,125.77,268.47,-47.681,-0.899,1.958,47.73
268.37,125.77,268.47,-47.682,-0.889,1.964,47.727
279.03,125.77,268.47,-47.683,-0.877,1.964,47.733
289.7,125.77,268.47,-47.693,-0.87,1.966,47.739
300.37,125.77,268.47,-47.699,-0.86,1.961,47.749
311.03,125.77,268.47,-47.707,-0.849,1.966,47.755
321.7,136.43,268.47,-47.726,-0.839,1.976,47.779
311.03,136.43,268.47,-47.71,-0.847,1.979,47.757
300.37,136.43,268.47,-47.703,-0.852,1.981,47.751
289.7,136.43,268.47,-47.688,-0.86,1.983,47.739
279.03,136.43,268.47,-47.682,-0.869,1.98,47.73
268.37,136.43,268.47,-47.676,-0.881,1.973,47.721
257.7,136.43,268.47,-47.675,-0.887,1.963,47.728
247.03,136.43,268.47,-47.674,-0.898,1.957,47.727
236.37,136.43,268.47,-47.679,-0.905,1.951,47.729
225.7,136.43,268.47,-47.692,-0.911,1.942,47.742
215.03,136.43,268.47,-47.697,-0.927,1.937,47.745
204.37,136.43,268.47,-47.713,-0.929,1.924,47.759
193.7,136.43,268.47,-47.726,-0.937,1.914,47.773
183.03,136.43,268.47,-47.741,-0.956,1.902,47.788
172.37,147.1,268.47,-47.747,-0.959,1.883,47.793
183.03,147.1,268.47,-47.726,-0.939,1.896,47.772
193.7,147.1,268.47,-47.712,-0.933,1.914,47.761
204.37,147.1,268.47,-47.698,-0.923,1.923,47.746
215.03,147.1,268.47,-47.686,-0.908,1.932,47.729
225.7,147.1,268.47,-47.679,-0.906,1.94,47.725
236.37,147.1,268.47,-47.677,-0.897,1.947,47.725
247.03,147.1,268.47,-47.672,-0.889,1.961,47.72
257.7,147.1,268.47,-47.671,-0.881,1.967,47.72
268.37,147.1,268.47,-47.674,-0.87,1.978,47.723
279.03,147.1,268.47,-47.679,-0.869,1.985,47.727
289.7,147.1,268.47,-47.686,-0.863,1.996,47.74
300.37,147.1,268.47,-47.695,-0.857,1.989,47.744
311.03,147.1,268.47,-47.711,-0.848,1.993,47.76
321.7,157.77,268.47,-47.733,-0.837,2.023,47.784
311.03,157.77,268.47,-47.709,-0.846,2.02,47.763
300.37,157.77,268.47,-47.691,-0.854,2.012,47.741
289.7,157.77,268.47,-47.678,-0.856,2.01,47.725
279.03,157.77,268.47,-47.668,-0.865,1.996,47.717
268.37,157.77,268.47,-47.664,-0.87,1.986,47.713
257.7,157.77,268.47,-47.658,-0.882,1.979,47.707
247.03,157.77,268.47,-47.662,-0.89,1.967,47.711
236.37,157.77,268.47,-47.664,-0.893,1.956,47.711
225.7,157.77,268.47,-47.671,-0.897,1.942,47.72
215.03,157.77,268.47,-47.676,-0.904,1.931,47.723
204.37,157.77,268.47,-47.691,-0.909,1.92,47.736
193.7,157.77,268.47,-47.701,-0.919,1.906,47.748
183.03,157.77,268.47,-47.717,-0.933,1.892,47.761
172.37,168.43,268.47,-47.724,-0.932,1.876,47.768
183.03,168.43,268.47,-47.708,-0.92,1.89,47.754
193.7,168.43,268.47,-47.686,-0.911,1.9,47.732
204.37,168.43,268.47,-47.678,-0.904,1.913,47.725
215.03,168.43,268.47,-47.66,-0.9,1.93,47.707
225.7,168.43,268.47,-47.657,-0.89,1.95,47.709
236.37,168.43,268.47,-47.645,-0.885,1.955,47.694
247.03,168.43,268.47,-47.648,-0.886,1.972,47.699
257.7,168.43,268.47,-47.653,-0.871,1.984,47.699
268.37,168.43,268.47,-47.654,-0.876,1.998,47.704
279.03,168.43,268.47,-47.658,-0.867,2.004,47.708
289.7,168.43,268.47,-47.67,-0.855,2.024,47.72
300.37,168.43,268.47,-47.681,-0.851,2.027,47.733
311.03,168.43,268.47,-47.702,-0.847,2.038,47.753
311.03,179.1,268.47,-47.698,-0.841,2.066,47.745
300.37,179.1,268.47,-47.674,-0.854,2.053,47.726
289.7,179.1,268.47,-47.653,-0.862,2.038,47.705
279.03,179.1,268.47,-47.642,-0.863,2.023,47.696
268.37,179.1,268.47,-47.635,-0.87,2.009,47.685
257.7,179.1,268.47,-47.638,-0.87,1.992,47.687
247.03,179.1,268.47,-47.638,-0.875,1.978,47.685
236.37,179.1,268.47,-47.635,-0.883,1.965,47.684
225.7,179.1,268.47,-47.644,-0.883,1.949,47.691
215.03,179.1,268.47,-47.654,-0.891,1.937,47.702
204.37,179.1,268.47,-47.662,-0.897,1.917,47.706
193.7,179.1,268.47,-47.674,-0.901,1.902,47.72
193.7,189.77,268.47,-47.66,-0.897,1.9,47.706
204.37,189.77,268.47,-47.641,-0.897,1.919,47.688
215.03,189.77,268.47,-47.631,-0.891,1.932,47.681
225.7,189.77,268.47,-47.628,-0.884,1.95,47.676
236.37,189.77,268.47,-47.626,-0.879,1.967,47.673
247.03,189.77,268.47,-47.617,-0.88,1.979,47.668
257.7,189.77,268.47,-47.62,-0.873,1.999,47.67
268.37,189.77,268.47,-47.623,-0.867,2.015,47.671
279.03,189.77,268.47,-47.635,-0.865,2.039,47.677
289.7,189.77,268.47,-47.641,-0.852,2.046,47.693
289.7,200.43,268.47,-47.618,-0.86,2.063,47.671
279.03,200.43,268.47,-47.615,-0.863,2.046,47.666
268.37,200.43,268.47,-47.609,-0.867,2.026,47.66
257.7,200.43,268.47,-47.603,-0.87,2.014,47.654
247.03,200.43,268.47,-47.606,-0.874,1.991,47.66
236.37,200.43,268.47,-47.606,-0.876,1.974,47.654
225.7,200.43,268.47,-47.607,-0.877,1.96,47.658
215.03,200.43,268.47,-47.618,-0.877,1.94,47.665
204.37,211.1,279.13,-47.613,-0.871,1.919,47.661
215.03,211.1,279.13,-47.603,-0.87,1.931,47.651
225.7,211.1,279.13,-47.601,-0.869,1.956,47.65
236.37,211.1,279.13,-47.59,-0.866,1.974,47.639
247.03,211.1,279.13,-47.588,-0.865,1.999,47.638
257.7,211.1,279.13,-47.585,-0.865,2.012,47.636
268.37,211.1,279.13,-47.59,-0.863,2.035,47.642
279.03,211.1,279.13,-47.597,-0.865,2.047,47.651
300.37,200.43,279.13,-47.635,-0.86,2.097,47.689
289.7,200.43,279.13,-47.627,-0.858,2.074,47.68
279.03,200.43,279.13,-47.619,-0.858,2.048,47.669
268.37,200.43,279.13,-47.609,-0.857,2.032,47.664
257.7,200.43,279.13,-47.612,-0.863,2.011,47.661
247.03,200.43,279.13,-47.609,-0.863,1.993,47.658
236.37,200.43,279.13,-47.613,-0.867,1.971,47.661
225.7,200.43,279.13,-47.614,-0.867,1.95,47.664
215.03,200.43,279.13,-47.622,-0.873,1.939,47.667
204.37,200.43,279.13,-47.634,-0.87,1.916,47.68
183.03,189.77,279.13,-47.682,-0.886,1.875,47.728
193.7,189.77,279.13,-47.665,-0.883,1.887,47.709
204.37,189.77,279.13,-47.652,-0.885,1.914,47.699
215.03,189.77,279.13,-47.637,-0.875,1.932,47.684
225.7,189.77,279.13,-47.636,-0.877,1.955,47.684
236.37,189.77,279.13,-47.631,-0.872,1.966,47.678
247.03,189.77,279.13,-47.627,-0.865,1.983,47.676
257.7,189.77,279.13,-47.626,-0.865,1.995,47.676
268.37,189.77,279.13,-47.629,-0.859,2.014,47.683
279.03,189.77,279.13,-47.633,-0.858,2.038,47.683
289.7,189.77,279.13,-47.648,-0.849,2.055,47.7
300.37,189.77,279.13,-47.658,-0.852,2.074,47.713
321.7,179.1,279.13,-47.73,-0.84,2.081,47.787
311.03,179.1,279.13,-47.699,-0.848,2.072,47.753
300.37,179.1,279.13,-47.683,-0.853,2.059,47.732
289.7,179.1,279.13,-47.664,-0.852,2.044,47.716
279.03,179.1,279.13,-47.653,-0.856,2.026,47.705
268.37,179.1,279.13,-47.652,-0.86,2.01,47.7
257.7,179.1,279.13,-47.646,-0.862,1.99,47.693
247.03,179.1,279.13,-47.65,-0.87,1.975,47.699
236.37,179.1,279.13,-47.647,-0.874,1.968,47.693
225.7,179.1,279.13,-47.649,-0.879,1.944,47.696
215.03,179.1,279.13,-47.652,-0.872,1.929,47.701
204.37,179.1,279.13,-47.661,-0.889,1.914,47.707
193.7,179.1,279.13,-47.682,-0.886,1.896,47.727
183.03,179.1,279.13,-47.703,-0.895,1.879,47.746
172.37,168.43,279.13,-47.733,-0.917,1.867,47.772
183.03,168.43,279.13,-47.717,-0.901,1.88,47.763
193.7,168.43,279.13,-47.701,-0.897,1.897,47.746
204.37,168.43,279.13,-47.685,-0.893,1.914,47.732
215.03,168.43,279.13,-47.668,-0.887,1.93,47.714
225.7,168.43,279.13,-47.664,-0.883,1.942,47.709
236.37,168.43,279.13,-47.658,-0.879,1.951,47.703
247.03,168.43,279.13,-47.652,-0.873,1.974,47.701
257.7,168.43,279.13,-47.658,-0.867,1.984,47.706
268.37,168.43,279.13,-47.656,-0.862,1.996,47.707
279.03,168.43,279.13,-47.667,-0.859,2.006,47.722
289.7,168.43,279.13,-47.68,-0.852,2.022,47.731
300.37,168.43,279.13,-47.698,-0.847,2.03,47.753
311.03,168.43,279.13,-47.713,-0.839,2.039,47.765
321.7,157.77,279.13,-47.744,-0.839,2.023,47.795
311.03,157.77,279.13,-47.72,-0.842,2.016,47.77
300.37,157.77,279.13,-47.704,-0.845,2.018,47.755
289.7,157.77,279.13,-47.686,-0.859,2.007,47.738
279.03,157.77,279.13,-47.676,-0.86,1.996,47.729
268.37,157.77,279.13,-47.671,-0.868,1.989,47.72
257.7,157.77,279.13,-47.665,-0.873,1.977,47.714
247.03,157.77,279.13,-47.671,-0.875,1.962,47.72
236.37,157.77,279.13,-47.667,-0.885,1.951,47.719
225.7,157.77,279.13,-47.675,-0.883,1.937,47.723
215.03,157.77,279.13,-47.688,-0.89,1.923,47.731
204.37,157.77,279.13,-47.698,-0.897,1.908,47.745
193.7,157.77,279.13,-47.709,-0.905,1.9,47.757
183.03,157.77,279.13,-47.728,-0.917,1.88,47.774
172.37,147.1,279.13,-47.758,-0.939,1.876,47.807
183.03,147.1,279.13,-47.744,-0.931,1.883,47.79
193.7,147.1,279.13,-47.72,-0.916,1.902,47.767
204.37,147.1,279.13,-47.707,-0.91,1.911,47.754
215.03,147.1,279.13,-47.699,-0.896,1.928,47.749
225.7,147.1,279.13,-47.689,-0.894,1.937,47.738
236.37,147.1,279.13,-47.685,-0.891,1.948,47.733
247.03,147.1,279.13,-47.676,-0.886,1.953,47.725
257.7,147.1,279.13,-47.684,-0.879,1.964,47.729
268.37,147.1,279.13,-47.682,-0.872,1.977,47.731
279.03,147.1,279.13,-47.689,-0.86,1.982,47.739
289.7,147.1,279.13,-47.696,-0.855,1.989,47.746
300.37,147.1,279.13,-47.708,-0.847,1.996,47.757
311.03,147.1,279.13,-47.723,-0.841,1.995,47.771
321.7,136.43,279.13,-47.738,-0.838,1.974,47.791
311.03,136.43,279.13,-47.723,-0.84,1.977,47.771
300.37,136.43,279.13,-47.708,-0.852,1.978,47.754
289.7,136.43,279.13,-47.697,-0.865,1.977,47.744
279.03,136.43,279.13,-47.696,-0.868,1.973,47.743
268.37,136.43,279.13,-47.689,-0.877,1.964,47.738
257.7,136.43,279.13,-47.678,-0.885,1.958,47.727
247.03,136.43,279.13,-47.689,-0.89,1.951,47.734
236.37,136.43,279.13,-47.691,-0.892,1.944,47.735
225.7,136.43,279.13,-47.696,-0.904,1.936,47.744
215.03,136.43,279.13,-47.714,-0.907,1.926,47.759
204.37,136.43,279.13,-47.723,-0.921,1.917,47.771
193.7,136.43,279.13,-47.736,-0.926,1.902,47.782
183.03,136.43,279.13,-47.755,-0.936,1.894,47.801
172.37,125.77,279.13,-47.785,-0.965,1.888,47.832
183.03,125.77,279.13,-47.767,-0.949,1.902,47.809
193.7,125.77,279.13,-47.746,-0.94,1.908,47.794
204.37,125.77,279.13,-47.736,-0.931,1.913,47.783
215.03,125.77,279.13,-47.719,-0.919,1.926,47.764
225.7,125.77,279.13,-47.704,-0.911,1.938,47.753
236.37,125.77,279.13,-47.7,-0.905,1.946,47.748
247.03,125.77,279.13,-47.697,-0.894,1.945,47.745
257.7,125.77,279.13,-47.686,-0.888,1.949,47.738
268.37,125.77,279.13,-47.689,-0.883,1.955,47.741
279.03,125.77,279.13,-47.7,-0.867,1.957,47.749
289.7,125.77,279.13,-47.697,-0.863,1.956,47.745
300.37,125.77,279.13,-47.713,-0.848,1.963,47.76
311.03,125.77,279.13,-47.728,-0.849,1.964,47.772
321.7,115.1,279.13,-47.725,-0.839,1.951,47.773
311.03,115.1,279.13,-47.721,-0.845,1.955,47.766
300.37,115.1,279.13,-47.709,-0.858,1.954,47.757
289.7,115.1,279.13,-47.703,-0.865,1.955,47.749
279.03,115.1,279.13,-47.696,-0.875,1.958,47.747
268.37,115.1,279.13,-47.694,-0.881,1.953,47.74
257.7,115.1,279.13,-47.696,-0.893,1.948,47.744
247.03,115.1,279.13,-47.693,-0.904,1.945,47.744
236.37,115.1,279.13,-47.712,-0.905,1.943,47.757
225.7,115.1,279.13,-47.713,-0.909,1.937,47.759
215.03,115.1,279.13,-47.722,-0.921,1.936,47.775
204.37,115.1,279.13,-47.734,-0.937,1.93,47.782
193.7,115.1,279.13,-47.756,-0.945,1.918,47.804
183.03,115.1,279.13,-47.775,-0.96,1.907,47.824
172.37,104.43,279.13,-47.809,-1,1.917,47.858
183.03,104.43,279.13,-47.789,-0.973,1.918,47.837
193.7,104.43,279.13,-47.764,-0.959,1.925,47.811
204.37,104.43,279.13,-47.744,-0.949,1.93,47.792
215.03,104.43,279.13,-47.725,-0.934,1.936,47.775
225.7,104.43,279.13,-47.716,-0.927,1.942,47.765
236.37,104.43,279.13,-47.703,-0.916,1.946,47.753
247.03,104.43,279.13,-47.7,-0.908,1.941,47.75
257.7,104.43,279.13,-47.696,-0.901,1.946,47.744
268.37,104.43,279.13,-47.691,-0.891,1.947,47.74
279.03,104.43,279.13,-47.697,-0.885,1.951,47.745
289.7,104.43,279.13,-47.704,-0.869,1.945,47.752
300.37,104.43,279.13,-47.702,-0.86,1.944,47.752
311.03,104.43,279.13,-47.721,-0.844,1.943,47.765
311.03,93.77,279.13,-47.715,-0.849,1.929,47.761
300.37,93.77,279.13,-47.707,-0.867,1.937,47.755
289.7,93.77,279.13,-47.696,-0.871,1.94,47.743
279.03,93.77,279.13,-47.697,-0.884,1.945,47.742
268.37,93.77,279.13,-47.689,-0.888,1.944,47.74
257.7,93.77,279.13,-47.697,-0.908,1.946,47.747
247.03,93.77,279.13,-47.696,-0.917,1.949,47.749
236.37,93.77,279.13,-47.71,-0.924,1.947,47.759
225.7,93.77,279.13,-47.712,-0.933,1.947,47.763
215.03,93.77,279.13,-47.732,-0.939,1.943,47.779
204.37,93.77,279.13,-47.743,-0.95,1.942,47.796
193.7,93.77,279.13,-47.77,-0.965,1.937,47.819
193.7,83.1,279.13,-47.767,-0.975,1.948,47.82
204.37,83.1,279.13,-47.751,-0.968,1.948,47.8
215.03,83.1,279.13,-47.729,-0.948,1.954,47.779
225.7,83.1,279.13,-47.72,-0.942,1.949,47.766
236.37,83.1,279.13,-47.709,-0.929,1.95,47.758
247.03,83.1,279.13,-47.697,-0.918,1.949,47.745
257.7,83.1,279.13,-47.692,-0.908,1.944,47.74
268.37,83.1,279.13,-47.69,-0.898,1.946,47.736
279.03,83.1,279.13,-47.692,-0.891,1.939,47.737
289.7,83.1,279.13,-47.69,-0.879,1.931,47.737
289.7,72.43,279.13,-47.688,-0.888,1.936,47.74
279.03,72.43,279.13,-47.686,-0.895,1.944,47.734
268.37,72.43,279.13,-47.686,-0.907,1.951,47.735
257.7,72.43,279.13,-47.693,-0.92,1.954,47.743
247.03,72.43,279.13,-47.698,-0.926,1.951,47.746
236.37,72.43,279.13,-47.702,-0.935,1.952,47.756
225.7,72.43,279.13,-47.718,-0.937,1.96,47.765
215.03,72.43,279.13,-47.731,-0.952,1.956,47.78
215.03,61.77,289.8,-47.743,-0.951,1.965,47.793
225.7,61.77,289.8,-47.726,-0.949,1.957,47.774
236.37,61.77,289.8,-47.714,-0.939,1.952,47.763
247.03,61.77,289.8,-47.7,-0.929,1.949,47.749
257.7,61.77,289.8,-47.695,-0.924,1.947,47.744
268.37,61.77,289.8,-47.694,-0.909,1.939,47.742
300.37,72.43,289.8,-47.704,-0.879,1.908,47.751
289.7,72.43,289.8,-47.695,-0.89,1.923,47.739
279.03,72.43,289.8,-47.696,-0.901,1.932,47.744
268.37,72.43,289.8,-47.7,-0.909,1.935,47.748
257.7,72.43,289.8,-47.703,-0.916,1.936,47.749
247.03,72.43,289.8,-47.707,-0.922,1.94,47.754
236.37,72.43,289.8,-47.716,-0.931,1.942,47.766
225.7,72.43,289.8,-47.726,-0.945,1.944,47.776
215.03,72.43,289.8,-47.751,-0.951,1.945,47.802
204.37,72.43,289.8,-47.767,-0.959,1.947,47.815
183.03,83.1,289.8,-47.813,-0.985,1.936,47.864
193.7,83.1,289.8,-47.786,-0.965,1.938,47.836
204.37,83.1,289.8,-47.765,-0.956,1.934,47.814
215.03,83.1,289.8,-47.749,-0.943,1.935,47.798
225.7,83.1,289.8,-47.727,-0.942,1.937,47.773
236.37,83.1,289.8,-47.717,-0.928,1.938,47.767
247.03,83.1,289.8,-47.708,-0.923,1.941,47.754
257.7,83.1,289.8,-47.707,-0.909,1.941,47.758
268.37,83.1,289.8,-47.702,-0.901,1.937,47.75
279.03,83.1,289.8,-47.706,-0.892,1.932,47.751
289.7,83.1,289.8,-47.706,-0.885,1.928,47.749
300.37,83.1,289.8,-47.709,-0.867,1.916,47.755
311.03,93.77,289.8,-47.726,-0.852,1.92,47.772
300.37,93.77,289.8,-47.715,-0.865,1.928,47.765
289.7,93.77,289.8,-47.709,-0.875,1.935,47.757
279.03,93.77,289.8,-47.704,-0.883,1.933,47.747
268.37,93.77,289.8,-47.698,-0.896,1.932,47.75
257.7,93.77,289.8,-47.705,-0.906,1.937,47.752
247.03,93.77,289.8,-47.714,-0.91,1.935,47.762
236.37,93.77,289.8,-47.717,-0.919,1.936,47.765
225.7,93.77,289.8,-47.727,-0.928,1.935,47.778
215.03,93.77,289.8,-47.744,-0.933,1.93,47.792
204.37,93.77,289.8,-47.764,-0.951,1.92,47.812
193.7,93.77,289.8,-47.786,-0.959,1.923,47.833
172.37,104.43,289.8,-47.831,-0.982,1.893,47.879
183.03,104.43,289.8,-47.795,-0.965,1.897,47.843
193.7,104.43,289.8,-47.775,-0.949,1.912,47.822
204.37,104.43,289.8,-47.757,-0.939,1.908,47.807
215.03,104.43,289.8,-47.739,-0.928,1.921,47.787
225.7,104.43,289.8,-47.726,-0.918,1.925,47.774
236.37,104.43,289.8,-47.718,-0.909,1.93,47.765
247.03,104.43,289.8,-47.707,-0.906,1.934,47.753
257.7,104.43,289.8,-47.705,-0.901,1.934,47.753
268.37,104.43,289.8,-47.702,-0.89,1.936,47.753
279.03,104.43,289.8,-47.708,-0.879,1.94,47.753
289.7,104.43,289.8,-47.712,-0.869,1.933,47.759
300.37,104.43,289.8,-47.72,-0.859,1.935,47.766
311.03,104.43,289.8,-47.733,-0.851,1.929,47.776
321.7,115.1,289.8,-47.742,-0.845,1.938,47.787
311.03,115.1,289.8,-47.729,-0.847,1.942,47.776
300.37,115.1,289.8,-47.717,-0.863,1.943,47.767
289.7,115.1,289.8,-47.716,-0.869,1.942,47.762
279.03,115.1,289.8,-47.707,-0.871,1.945,47.753
268.37,115.1,289.8,-47.707,-0.88,1.942,47.755
257.7,115.1,289.8,-47.705,-0.894,1.938,47.751
247.03,115.1,289.8,-47.706,-0.901,1.932,47.754
236.37,115.1,289.8,-47.712,-0.898,1.929,47.764
225.7,115.1,289.8,-47.723,-0.912,1.924,47.771
215.03,115.1,289.8,-47.731,-0.92,1.918,47.778
204.37,115.1,289.8,-47.747,-0.925,1.906,47.797
193.7,115.1,289.8,-47.763,-0.934,1.9,47.814
183.03,115.1,289.8,-47.789,-0.946,1.895,47.84
172.37,125.77,289.8,-47.803,-0.953,1.864,47.849
183.03,125.77,289.8,-47.779,-0.939,1.882,47.828
193.7,125.77,289.8,-47.759,-0.932,1.892,47.805
204.37,125.77,289.8,-47.741,-0.919,1.905,47.785
215.03,125.77,289.8,-47.726,-0.906,1.909,47.775
225.7,125.77,289.8,-47.713,-0.905,1.927,47.763
236.37,125.77,289.8,-47.705,-0.895,1.927,47.753
247.03,125.77,289.8,-47.699,-0.894,1.931,47.748
257.7,125.77,289.8,-47.704,-0.879,1.943,47.75
268.37,125.77,289.8,-47.695,-0.878,1.952,47.743
279.03,125.77,289.8,-47.703,-0.869,1.952,47.753
289.7,125.77,289.8,-47.71,-0.862,1.953,47.757
300.37,125.77,289.8,-47.72,-0.853,1.953,47.767
311.03,125.77,289.8,-47.731,-0.846,1.953,47.778
321.7,136.43,289.8,-47.752,-0.838,1.973,47.8
311.03,136.43,289.8,-47.734,-0.847,1.969,47.781
300.37,136.43,289.8,-47.719,-0.852,1.972,47.77
289.7,136.43,289.8,-47.712,-0.857,1.966,47.759
279.03,136.43,289.8,-47.7,-0.867,1.962,47.745
268.37,136.43,289.8,-47.692,-0.871,1.958,47.74
257.7,136.43,289.8,-47.693,-0.881,1.948,47.738
247.03,136.43,289.8,-47.697,-0.884,1.94,47.742
236.37,136.43,289.8,-47.69,-0.889,1.933,47.74
225.7,136.43,289.8,-47.706,-0.89,1.918,47.752
215.03,136.43,289.8,-47.714,-0.899,1.909,47.76
204.37,136.43,289.8,-47.73,-0.904,1.904,47.777
193.7,136.43,289.8,-47.748,-0.913,1.895,47.792
183.03,136.43,289.8,-47.769,-0.921,1.878,47.813
172.37,147.1,289.8,-47.77,-0.924,1.854,47.816
183.03,147.1,289.8,-47.75,-0.909,1.873,47.793
193.7,147.1,289.8,-47.729,-0.903,1.888,47.775
204.37,147.1,289.8,-47.706,-0.899,1.899,47.752
215.03,147.1,289.8,-47.707,-0.89,1.909,47.754
225.7,147.1,289.8,-47.702,-0.885,1.924,47.746
236.37,147.1,289.8,-47.684,-0.881,1.936,47.732
247.03,147.1,289.8,-47.68,-0.871,1.944,47.728
257.7,147.1,289.8,-47.685,-0.874,1.955,47.729
268.37,147.1,289.8,-47.685,-0.866,1.973,47.738
279.03,147.1,289.8,-47.697,-0.862,1.973,47.746
289.7,147.1,289.8,-47.703,-0.855,1.978,47.751
300.37,147.1,289.8,-47.713,-0.848,1.987,47.764
311.03,147.1,289.8,-47.734,-0.843,1.994,47.786
321.7,157.77,289.8,-47.747,-0.834,2.016,47.798
311.03,157.77,289.8,-47.722,-0.843,2.011,47.776
300.37,157.77,289.8,-47.706,-0.843,2.011,47.754
289.7,157.77,289.8,-47.696,-0.852,1.999,47.741
279.03,157.77,289.8,-47.687,-0.851,1.99,47.736
268.37,157.77,289.8,-47.675,-0.858,1.978,47.724
257.7,157.77,289.8,-47.672,-0.869,1.965,47.719
247.03,157.77,289.8,-47.671,-0.87,1.961,47.719
236.37,157.77,289.8,-47.678,-0.879,1.942,47.727
225.7,157.77,289.8,-47.681,-0.881,1.932,47.727
215.03,157.77,289.8,-47.688,-0.881,1.921,47.735
204.37,157.77,289.8,-47.701,-0.887,1.902,47.746
193.7,157.77,289.8,-47.718,-0.895,1.885,47.763
183.03,157.77,289.8,-47.737,-0.894,1.87,47.784
183.03,168.43,289.8,-47.717,-0.885,1.865,47.76
193.7,168.43,289.8,-47.702,-0.887,1.888,47.75
204.37,168.43,289.8,-47.689,-0.878,1.902,47.732
215.03,168.43,289.8,-47.674,-0.873,1.914,47.721
225.7,168.43,289.8,-47.663,-0.878,1.928,47.713
236.37,168.43,289.8,-47.659,-0.874,1.945,47.711
247.03,168.43,289.8,-47.659,-0.869,1.96,47.708
257.7,168.43,289.8,-47.662,-0.862,1.973,47.709
268.37,168.43,289.8,-47.671,-0.856,1.994,47.718
279.03,168.43,289.8,-47.671,-0.852,2.006,47.722
289.7,168.43,289.8,-47.679,-0.848,2.017,47.729
300.37,168.43,289.8,-47.701,-0.847,2.029,47.753
311.03,179.1,289.8,-47.705,-0.843,2.064,47.754
300.37,179.1,289.8,-47.687,-0.85,2.049,47.736
289.7,179.1,289.8,-47.665,-0.851,2.04,47.719
279.03,179.1,289.8,-47.652,-0.854,2.02,47.703
268.37,179.1,289.8,-47.649,-0.852,2.004,47.698
257.7,179.1,289.8,-47.646,-0.862,1.982,47.693
247.03,179.1,289.8,-47.648,-0.857,1.967,47.696
236.37,179.1,289.8,-47.641,-0.862,1.952,47.689
225.7,179.1,289.8,-47.649,-0.863,1.934,47.7
215.03,179.1,289.8,-47.659,-0.868,1.922,47.708
204.37,179.1,289.8,-47.672,-0.867,1.904,47.716
193.7,179.1,289.8,-47.688,-0.876,1.885,47.731
193.7,189.77,289.8,-47.668,-0.864,1.884,47.713
204.37,189.77,289.8,-47.654,-0.863,1.904,47.701
215.03,189.77,289.8,-47.638,-0.862,1.924,47.684
225.7,189.77,289.8,-47.638,-0.862,1.941,47.685
236.37,189.77,289.8,-47.632,-0.863,1.958,47.677
247.03,189.77,289.8,-47.627,-0.86,1.982,47.675
257.7,189.77,289.8,-47.629,-0.856,1.997,47.68
268.37,189.77,289.8,-47.63,-0.85,2.017,47.68
279.03,189.77,289.8,-47.638,-0.857,2.037,47.689
289.7,189.77,289.8,-47.649,-0.856,2.053,47.704
279.03,200.43,289.8,-47.622,-0.86,2.051,47.673
268.37,200.43,289.8,-47.613,-0.859,2.028,47.664
257.7,200.43,289.8,-47.611,-0.866,2.006,47.66
247.03,200.43,289.8,-47.613,-0.86,1.99,47.655
236.37,200.43,289.8,-47.606,-0.859,1.969,47.655
225.7,200.43,289.8,-47.619,-0.858,1.946,47.662
215.03,211.1,300.47,-47.604,-0.844,1.925,47.651
225.7,211.1,300.47,-47.595,-0.845,1.949,47.643
236.37,211.1,300.47,-47.589,-0.853,1.97,47.637
247.03,211.1,300.47,-47.593,-0.851,1.991,47.641
257.7,211.1,300.47,-47.593,-0.86,2.014,47.645
268.37,211.1,300.47,-47.592,-0.859,2.035,47.643
289.7,200.43,300.47,-47.634,-0.854,2.074,47.68
279.03,200.43,300.47,-47.623,-0.858,2.051,47.674
268.37,200.43,300.47,-47.61,-0.852,2.026,47.662
257.7,200.43,300.47,-47.61,-0.851,2.001,47.654
247.03,200.43,300.47,-47.607,-0.854,1.984,47.656
236.37,200.43,300.47,-47.616,-0.85,1.959,47.663
225.7,200.43,300.47,-47.619,-0.846,1.941,47.663
215.03,200.43,300.47,-47.622,-0.846,1.92,47.668
193.7,189.77,300.47,-47.668,-0.854,1.877,47.712
204.37,189.77,300.47,-47.654,-0.852,1.9,47.702
215.03,189.77,300.47,-47.64,-0.85,1.915,47.689
225.7,189.77,300.47,-47.637,-0.848,1.933,47.682
236.37,189.77,300.47,-47.631,-0.856,1.958,47.681
247.03,189.77,300.47,-47.628,-0.853,1.974,47.682
257.7,189.77,300.47,-47.636,-0.855,1.99,47.681
268.37,189.77,300.47,-47.639,-0.86,2.012,47.689
279.03,189.77,300.47,-47.641,-0.85,2.036,47.694
289.7,189.77,300.47,-47.653,-0.848,2.059,47.708
311.03,179.1,300.47,-47.711,-0.844,2.067,47.765
300.37,179.1,300.47,-47.686,-0.843,2.055,47.738
289.7,179.1,300.47,-47.673,-0.843,2.03,47.723
279.03,179.1,300.47,-47.664,-0.834,2.017,47.715
268.37,179.1,300.47,-47.65,-0.848,1.995,47.704
257.7,179.1,300.47,-47.659,-0.851,1.981,47.703
247.03,179.1,300.47,-47.656,-0.858,1.967,47.704
236.37,179.1,300.47,-47.652,-0.854,1.947,47.694
225.7,179.1,300.47,-47.653,-0.857,1.929,47.704
215.03,179.1,300.47,-47.664,-0.857,1.915,47.71
204.37,179.1,300.47,-47.672,-0.856,1.891,47.717
193.7,179.1,300.47,-47.688,-0.858,1.873,47.732
172.37,168.43,300.47,-47.749,-0.877,1.837,47.791
183.03,168.43,300.47,-47.724,-0.871,1.854,47.768
193.7,168.43,300.47,-47.705,-0.865,1.871,47.749
204.37,168.43,300.47,-47.693,-0.863,1.894,47.736
215.03,168.43,300.47,-47.679,-0.86,1.91,47.725
225.7,168.43,300.47,-47.671,-0.866,1.922,47.717
236.37,168.43,300.47,-47.668,-0.862,1.939,47.711
247.03,168.43,300.47,-47.665,-0.862,1.955,47.716
257.7,168.43,300.47,-47.669,-0.856,1.971,47.717
268.37,168.43,300.47,-47.673,-0.852,1.981,47.718
279.03,168.43,300.47,-47.678,-0.851,1.997,47.726
289.7,168.43,300.47,-47.69,-0.849,2.018,47.743
300.37,168.43,300.47,-47.703,-0.837,2.023,47.755
311.03,168.43,300.47,-47.729,-0.838,2.038,47.777
321.7,157.77,300.47,-47.757,-0.837,2.015,47.805
311.03,157.77,300.47,-47.739,-0.84,2.008,47.786
300.37,157.77,300.47,-47.712,-0.842,2.002,47.762
289.7,157.77,300.47,-47.7,-0.848,1.994,47.749
279.03,157.77,300.47,-47.69,-0.849,1.982,47.743
268.37,157.77,300.47,-47.683,-0.857,1.974,47.729
257.7,157.77,300.47,-47.678,-0.859,1.96,47.726
247.03,157.77,300.47,-47.681,-0.858,1.949,47.725
236.37,157.77,300.47,-47.681,-0.864,1.933,47.728
225.7,157.77,300.47,-47.686,-0.863,1.921,47.733
215.03,157.77,300.47,-47.694,-0.868,1.9,47.74
204.37,157.77,300.47,-47.708,-0.876,1.884,47.751
193.7,157.77,300.47,-47.724,-0.876,1.872,47.771
183.03,157.77,300.47,-47.738,-0.879,1.86,47.784
172.37,147.1,300.47,-47.778,-0.902,1.844,47.822
183.03,147.1,300.47,-47.755,-0.889,1.857,47.799
193.7,147.1,300.47,-47.74,-0.886,1.873,47.785
204.37,147.1,300.47,-47.72,-0.886,1.886,47.767
215.03,147.1,300.47,-47.709,-0.881,1.907,47.756
225.7,147.1,300.47,-47.698,-0.873,1.913,47.745
236.37,147.1,300.47,-47.691,-0.875,1.925,47.737
247.03,147.1,300.47,-47.689,-0.869,1.937,47.736
257.7,147.1,300.47,-47.688,-0.861,1.951,47.739
268.37,147.1,300.47,-47.692,-0.863,1.96,47.738
279.03,147.1,300.47,-47.697,-0.85,1.969,47.742
289.7,147.1,300.47,-47.706,-0.852,1.978,47.758
300.37,147.1,300.47,-47.72,-0.843,1.98,47.77
311.03,147.1,300.47,-47.74,-0.834,1.988,47.792
321.7,136.43,300.47,-47.756,-0.839,1.961,47.805
311.03,136.43,300.47,-47.737,-0.84,1.96,47.785
300.37,136.43,300.47,-47.728,-0.845,1.966,47.776
289.7,136.43,300.47,-47.712,-0.849,1.956,47.756
279.03,136.43,300.47,-47.706,-0.857,1.959,47.75
268.37,136.43,300.47,-47.703,-0.863,1.947,47.752
257.7,136.43,300.47,-47.699,-0.871,1.938,47.747
247.03,136.43,300.47,-47.7,-0.87,1.927,47.747
236.37,136.43,300.47,-47.701,-0.879,1.919,47.747
225.7,136.43,300.47,-47.713,-0.881,1.911,47.754
215.03,136.43,300.47,-47.721,-0.883,1.901,47.764
204.37,136.43,300.47,-47.727,-0.89,1.888,47.773
193.7,136.43,300.47,-47.752,-0.893,1.877,47.797
183.03,136.43,300.47,-47.774,-0.91,1.856,47.819
172.37,125.77,300.47,-47.812,-0.931,1.851,47.857
183.03,125.77,300.47,-47.782,-0.917,1.871,47.828
193.7,125.77,300.47,-47.756,-0.907,1.883,47.803
204.37,125.77,300.47,-47.747,-0.902,1.892,47.79
215.03,125.77,300.47,-47.731,-0.899,1.897,47.775
225.7,125.77,300.47,-47.717,-0.895,1.911,47.762
236.37,125.77,300.47,-47.712,-0.892,1.913,47.759
247.03,125.77,300.47,-47.705,-0.887,1.929,47.752
257.7,125.77,300.47,-47.706,-0.873,1.93,47.754
268.37,125.77,300.47,-47.705,-0.872,1.93,47.756
279.03,125.77,300.47,-47.715,-0.863,1.938,47.762
289.7,125.77,300.47,-47.72,-0.862,1.946,47.768
300.37,125.77,300.47,-47.727,-0.849,1.947,47.772
311.03,125.77,300.47,-47.739,-0.846,1.95,47.785
321.7,115.1,300.47,-47.752,-0.838,1.932,47.801
311.03,115.1,300.47,-47.731,-0.848,1.937,47.781
300.37,115.1,300.47,-47.728,-0.854,1.937,47.775
289.7,115.1,300.47,-47.721,-0.856,1.938,47.768
279.03,115.1,300.47,-47.709,-0.872,1.933,47.754
268.37,115.1,300.47,-47.712,-0.883,1.933,47.758
257.7,115.1,300.47,-47.707,-0.88,1.928,47.755
247.03,115.1,300.47,-47.716,-0.89,1.925,47.764
236.37,115.1,300.47,-47.715,-0.895,1.917,47.767
225.7,115.1,300.47,-47.717,-0.894,1.912,47.761
215.03,115.1,300.47,-47.738,-0.904,1.907,47.785
204.37,115.1,300.47,-47.755,-0.912,1.902,47.802
193.7,115.1,300.47,-47.779,-0.917,1.889,47.825
183.03,115.1,300.47,-47.797,-0.93,1.878,47.841
183.03,104.43,300.47,-47.81,-0.943,1.892,47.857
193.7,104.43,300.47,-47.781,-0.936,1.898,47.827
204.37,104.43,300.47,-47.76,-0.929,1.907,47.804
215.03,104.43,300.47,-47.74,-0.916,1.911,47.79
225.7,104.43,300.47,-47.731,-0.91,1.918,47.778
236.37,104.43,300.47,-47.722,-0.907,1.918,47.774
247.03,104.43,300.47,-47.72,-0.897,1.923,47.767
257.7,104.43,300.47,-47.707,-0.893,1.923,47.753
268.37,104.43,300.47,-47.714,-0.882,1.926,47.76
279.03,104.43,300.47,-47.716,-0.876,1.926,47.766
289.7,104.43,300.47,-47.72,-0.871,1.921,47.767
300.37,104.43,300.47,-47.731,-0.861,1.922,47.775
300.37,93.77,300.47,-47.722,-0.86,1.914,47.765
289.7,93.77,300.47,-47.719,-0.876,1.919,47.768
279.03,93.77,300.47,-47.714,-0.881,1.923,47.761
268.37,93.77,300.47,-47.714,-0.888,1.926,47.758
257.7,93.77,300.47,-47.708,-0.899,1.921,47.758
247.03,93.77,300.47,-47.716,-0.906,1.923,47.767
236.37,93.77,300.47,-47.721,-0.915,1.922,47.769
225.7,93.77,300.47,-47.734,-0.914,1.921,47.781
215.03,93.77,300.47,-47.748,-0.927,1.916,47.795
204.37,93.77,300.47,-47.769,-0.93,1.914,47.818
204.37,83.1,300.47,-47.772,-0.935,1.928,47.819
215.03,83.1,300.47,-47.748,-0.936,1.931,47.794
225.7,83.1,300.47,-47.73,-0.93,1.928,47.775
236.37,83.1,300.47,-47.724,-0.924,1.93,47.772
247.03,83.1,300.47,-47.709,-0.908,1.927,47.757
257.7,83.1,300.47,-47.714,-0.907,1.923,47.758
268.37,83.1,300.47,-47.707,-0.898,1.92,47.754
279.03,83.1,300.47,-47.706,-0.885,1.923,47.757
279.03,72.43,300.47,-47.7,-0.895,1.916,47.747
268.37,72.43,300.47,-47.703,-0.907,1.919,47.749
257.7,72.43,300.47,-47.703,-0.916,1.929,47.754
247.03,72.43,300.47,-47.711,-0.925,1.929,47.756
236.37,72.43,300.47,-47.717,-0.928,1.937,47.766
225.7,72.43,300.47,-47.736,-0.937,1.936,47.779
236.37,61.77,311.13,-47.725,-0.932,1.936,47.772
247.03,61.77,311.13,-47.714,-0.927,1.928,47.762
289.7,72.43,311.13,-47.711,-0.889,1.888,47.756
279.03,72.43,311.13,-47.709,-0.901,1.91,47.755
268.37,72.43,311.13,-47.711,-0.913,1.912,47.758
257.7,72.43,311.13,-47.714,-0.922,1.915,47.762
247.03,72.43,311.13,-47.72,-0.92,1.921,47.766
236.37,72.43,311.13,-47.729,-0.93,1.925,47.778
225.7,72.43,311.13,-47.747,-0.926,1.93,47.79
215.03,72.43,311.13,-47.757,-0.929,1.928,47.805
193.7,83.1,311.13,-47.805,-0.933,1.913,47.852
204.37,83.1,311.13,-47.785,-0.932,1.919,47.833
215.03,83.1,311.13,-47.758,-0.928,1.915,47.806
225.7,83.1,311.13,-47.74,-0.922,1.916,47.79
236.37,83.1,311.13,-47.734,-0.92,1.917,47.779
247.03,83.1,311.13,-47.716,-0.91,1.917,47.767
257.7,83.1,311.13,-47.713,-0.903,1.914,47.76
268.37,83.1,311.13,-47.718,-0.901,1.914,47.765
279.03,83.1,311.13,-47.714,-0.883,1.908,47.761
289.7,83.1,311.13,-47.721,-0.885,1.904,47.77
311.03,93.77,311.13,-47.748,-0.856,1.912,47.789
300.37,93.77,311.13,-47.737,-0.863,1.909,47.781
289.7,93.77,311.13,-47.728,-0.872,1.91,47.775
279.03,93.77,311.13,-47.727,-0.879,1.912,47.773
268.37,93.77,311.13,-47.716,-0.89,1.913,47.765
257.7,93.77,311.13,-47.72,-0.9,1.91,47.768
247.03,93.77,311.13,-47.724,-0.908,1.916,47.771
236.37,93.77,311.13,-47.729,-0.909,1.91,47.776
225.7,93.77,311.13,-47.742,-0.917,1.91,47.79
215.03,93.77,311.13,-47.762,-0.916,1.908,47.806
204.37,93.77,311.13,-47.778,-0.927,1.906,47.821
193.7,93.77,311.13,-47.804,-0.936,1.896,47.853
183.03,104.43,311.13,-47.828,-0.932,1.87,47.872
193.7,104.43,311.13,-47.789,-0.923,1.883,47.833
204.37,104.43,311.13,-47.768,-0.918,1.893,47.813
215.03,104.43,311.13,-47.752,-0.908,1.897,47.801
225.7,104.43,311.13,-47.738,-0.899,1.9,47.786
236.37,104.43,311.13,-47.727,-0.899,1.912,47.775
247.03,104.43,311.13,-47.717,-0.895,1.914,47.762
257.7,104.43,311.13,-47.717,-0.885,1.91,47.764
268.37,104.43,311.13,-47.721,-0.883,1.916,47.764
279.03,104.43,311.13,-47.728,-0.873,1.916,47.774
289.7,104.43,311.13,-47.735,-0.87,1.918,47.782
300.37,104.43,311.13,-47.736,-0.861,1.923,47.782
311.03,115.1,311.13,-47.746,-0.844,1.928,47.791
300.37,115.1,311.13,-47.739,-0.848,1.929,47.783
289.7,115.1,311.13,-47.729,-0.866,1.928,47.774
279.03,115.1,311.13,-47.719,-0.872,1.925,47.763
268.37,115.1,311.13,-47.717,-0.867,1.926,47.768
257.7,115.1,311.13,-47.713,-0.881,1.922,47.758
247.03,115.1,311.13,-47.721,-0.886,1.914,47.764
236.37,115.1,311.13,-47.726,-0.889,1.908,47.772
225.7,115.1,311.13,-47.735,-0.892,1.902,47.783
215.03,115.1,311.13,-47.747,-0.898,1.892,47.792
204.37,115.1,311.13,-47.765,-0.899,1.885,47.81
193.7,115.1,311.13,-47.784,-0.906,1.878,47.825
172.37,125.77,311.13,-47.821,-0.911,1.833,47.868
183.03,125.77,311.13,-47.792,-0.901,1.853,47.835
193.7,125.77,311.13,-47.766,-0.893,1.862,47.807
204.37,125.77,311.13,-47.754,-0.89,1.876,47.795
215.03,125.77,311.13,-47.737,-0.885,1.89,47.782
225.7,125.77,311.13,-47.725,-0.887,1.897,47.771
236.37,125.77,311.13,-47.715,-0.882,1.905,47.765
247.03,125.77,311.13,-47.71,-0.877,1.911,47.759
257.7,125.77,311.13,-47.714,-0.869,1.93,47.759
268.37,125.77,311.13,-47.711,-0.871,1.925,47.758
279.03,125.77,311.13,-47.719,-0.863,1.932,47.764
289.7,125.77,311.13,-47.724,-0.858,1.936,47.769
300.37,125.77,311.13,-47.738,-0.844,1.936,47.785
311.03,125.77,311.13,-47.749,-0.841,1.943,47.796
321.7,136.43,311.13,-47.761,-0.838,1.966,47.805
311.03,136.43,311.13,-47.743,-0.838,1.968,47.791
300.37,136.43,311.13,-47.731,-0.846,1.959,47.775
289.7,136.43,311.13,-47.725,-0.846,1.955,47.77
279.03,136.43,311.13,-47.709,-0.849,1.951,47.758
268.37,136.43,311.13,-47.707,-0.854,1.941,47.757
257.7,136.43,311.13,-47.705,-0.862,1.94,47.752
247.03,136.43,311.13,-47.706,-0.867,1.925,47.75
236.37,136.43,311.13,-47.708,-0.87,1.912,47.753
225.7,136.43,311.13,-47.717,-0.867,1.905,47.765
215.03,136.43,311.13,-47.722,-0.873,1.889,47.767
204.37,136.43,311.13,-47.741,-0.877,1.873,47.785
193.7,136.43,311.13,-47.757,-0.875,1.863,47.801
183.03,136.43,311.13,-47.78,-0.884,1.85,47.824
183.03,147.1,311.13,-47.759,-0.874,1.843,47.801
193.7,147.1,311.13,-47.74,-0.869,1.86,47.782
204.37,147.1,311.13,-47.728,-0.866,1.873,47.771
215.03,147.1,311.13,-47.715,-0.865,1.895,47.758
225.7,147.1,311.13,-47.7,-0.869,1.9,47.746
236.37,147.1,311.13,-47.705,-0.865,1.919,47.751
247.03,147.1,311.13,-47.695,-0.857,1.928,47.743
257.7,147.1,311.13,-47.699,-0.853,1.938,47.748
268.37,147.1,311.13,-47.699,-0.855,1.948,47.749
279.03,147.1,311.13,-47.706,-0.846,1.957,47.753
289.7,147.1,311.13,-47.712,-0.842,1.964,47.76
300.37,147.1,311.13,-47.723,-0.835,1.976,47.772
311.03,157.77,311.13,-47.732,-0.829,2.004,47.784
300.37,157.77,311.13,-47.723,-0.829,2.006,47.777
289.7,157.77,311.13,-47.704,-0.833,1.989,47.756
279.03,157.77,311.13,-47.689,-0.834,1.982,47.737
268.37,157.77,311.13,-47.689,-0.839,1.964,47.736
257.7,157.77,311.13,-47.682,-0.849,1.953,47.732
247.03,157.77,311.13,-47.676,-0.852,1.939,47.724
236.37,157.77,311.13,-47.686,-0.852,1.927,47.731
225.7,157.77,311.13,-47.697,-0.847,1.913,47.743
215.03,157.77,311.13,-47.693,-0.85,1.895,47.739
204.37,157.77,311.13,-47.704,-0.856,1.88,47.751
193.7,157.77,311.13,-47.727,-0.857,1.867,47.772
183.03,168.43,311.13,-47.733,-0.842,1.844,47.775
193.7,168.43,311.13,-47.71,-0.85,1.859,47.75
204.37,168.43,311.13,-47.691,-0.85,1.88,47.734
215.03,168.43,311.13,-47.677,-0.847,1.895,47.725
225.7,168.43,311.13,-47.674,-0.848,1.914,47.72
236.37,168.43,311.13,-47.672,-0.849,1.933,47.719
247.03,168.43,311.13,-47.668,-0.843,1.949,47.713
257.7,168.43,311.13,-47.675,-0.84,1.969,47.72
268.37,168.43,311.13,-47.677,-0.84,1.976,47.722
279.03,168.43,311.13,-47.686,-0.838,1.994,47.732
289.7,168.43,311.13,-47.697,-0.84,2.015,47.747
300.37,168.43,311.13,-47.709,-0.832,2.021,47.759
300.37,179.1,311.13,-47.696,-0.835,2.054,47.749
289.7,179.1,311.13,-47.677,-0.834,2.041,47.726
279.03,179.1,311.13,-47.664,-0.835,2.02,47.713
268.37,179.1,311.13,-47.656,-0.838,2.003,47.707
257.7,179.1,311.13,-47.652,-0.842,1.979,47.703
247.03,179.1,311.13,-47.653,-0.843,1.96,47.701
236.37,179.1,311.13,-47.651,-0.843,1.941,47.698
225.7,179.1,311.13,-47.657,-0.84,1.922,47.699
215.03,179.1,311.13,-47.661,-0.842,1.903,47.707
204.37,179.1,311.13,-47.676,-0.836,1.882,47.718
204.37,189.77,311.13,-47.652,-0.831,1.889,47.697
215.03,189.77,311.13,-47.644,-0.839,1.908,47.689
225.7,189.77,311.13,-47.629,-0.834,1.935,47.677
236.37,189.77,311.13,-47.631,-0.844,1.949,47.677
247.03,189.77,311.13,-47.632,-0.841,1.975,47.681
257.7,189.77,311.13,-47.633,-0.842,1.991,47.684
268.37,189.77,311.13,-47.638,-0.841,2.015,47.685
279.03,189.77,311.13,-47.642,-0.844,2.037,47.693
257.7,200.43,311.13,-47.608,-0.847,2.007,47.662
247.03,200.43,311.13,-47.61,-0.847,1.99,47.659
268.37,200.43,321.8,-47.612,-0.838,2.037,47.662
257.7,200.43,321.8,-47.611,-0.833,2.005,47.66
247.03,200.43,321.8,-47.606,-0.83,1.985,47.656
236.37,200.43,321.8,-47.611,-0.825,1.96,47.657
204.37,189.77,321.8,-47.652,-0.816,1.878,47.696
215.03,189.77,321.8,-47.642,-0.82,1.91,47.688
225.7,189.77,321.8,-47.637,-0.823,1.928,47.683
236.37,189.77,321.8,-47.629,-0.832,1.949,47.679
247.03,189.77,321.8,-47.635,-0.833,1.973,47.683
257.7,189.77,321.8,-47.633,-0.831,1.993,47.684
268.37,189.77,321.8,-47.641,-0.832,2.021,47.694
279.03,189.77,321.8,-47.652,-0.828,2.042,47.705
300.37,179.1,321.8,-47.705,-0.819,2.056,47.759
289.7,179.1,321.8,-47.685,-0.823,2.041,47.737
279.03,179.1,321.8,-47.668,-0.828,2.024,47.718
268.37,179.1,321.8,-47.663,-0.835,1.998,47.713
257.7,179.1,321.8,-47.656,-0.828,1.983,47.7
247.03,179.1,321.8,-47.65,-0.838,1.959,47.696
236.37,179.1,321.8,-47.65,-0.83,1.937,47.696
225.7,179.1,321.8,-47.655,-0.838,1.917,47.7
215.03,179.1,321.8,-47.662,-0.825,1.896,47.706
204.37,179.1,321.8,-47.677,-0.821,1.878,47.72
193.7,168.43,321.8,-47.705,-0.828,1.851,47.748
204.37,168.43,321.8,-47.694,-0.838,1.876,47.736
215.03,168.43,321.8,-47.685,-0.834,1.893,47.729
225.7,168.43,321.8,-47.67,-0.836,1.912,47.72
236.37,168.43,321.8,-47.669,-0.839,1.922,47.719
247.03,168.43,321.8,-47.673,-0.839,1.945,47.72
257.7,168.43,321.8,-47.669,-0.831,1.959,47.72
268.37,168.43,321.8,-47.68,-0.83,1.975,47.728
279.03,168.43,321.8,-47.69,-0.827,1.996,47.741
289.7,168.43,321.8,-47.702,-0.828,2.008,47.752
311.03,157.77,321.8,-47.741,-0.821,2.005,47.791
300.37,157.77,321.8,-47.727,-0.822,1.996,47.774
289.7,157.77,321.8,-47.717,-0.827,1.983,47.765
279.03,157.77,321.8,-47.702,-0.829,1.975,47.754
268.37,157.77,321.8,-47.69,-0.834,1.959,47.742
257.7,157.77,321.8,-47.686,-0.838,1.948,47.732
247.03,157.77,321.8,-47.687,-0.844,1.935,47.734
236.37,157.77,321.8,-47.692,-0.843,1.916,47.738
225.7,157.77,321.8,-47.689,-0.843,1.9,47.735
215.03,157.77,321.8,-47.702,-0.835,1.885,47.744
204.37,157.77,321.8,-47.711,-0.844,1.872,47.755
193.7,157.77,321.8,-47.727,-0.838,1.849,47.765
183.03,147.1,321.8,-47.759,-0.849,1.833,47.803
193.7,147.1,321.8,-47.742,-0.848,1.846,47.783
204.37,147.1,321.8,-47.725,-0.853,1.863,47.773
215.03,147.1,321.8,-47.722,-0.854,1.878,47.766
225.7,147.1,321.8,-47.704,-0.855,1.898,47.751
236.37,147.1,321.8,-47.701,-0.852,1.908,47.747
247.03,147.1,321.8,-47.698,-0.854,1.924,47.745
257.7,147.1,321.8,-47.7,-0.845,1.936,47.743
268.37,147.1,321.8,-47.707,-0.846,1.944,47.752
279.03,147.1,321.8,-47.714,-0.836,1.954,47.762
289.7,147.1,321.8,-47.725,-0.83,1.961,47.773
300.37,147.1,321.8,-47.738,-0.833,1.973,47.785
311.03,136.43,321.8,-47.751,-0.829,1.959,47.801
300.37,136.43,321.8,-47.74,-0.832,1.959,47.787
289.7,136.43,321.8,-47.726,-0.841,1.949,47.776
279.03,136.43,321.8,-47.72,-0.843,1.942,47.767
268.37,136.43,321.8,-47.713,-0.849,1.929,47.763
257.7,136.43,321.8,-47.707,-0.857,1.924,47.757
247.03,136.43,321.8,-47.71,-0.858,1.919,47.754
236.37,136.43,321.8,-47.717,-0.862,1.903,47.762
225.7,136.43,321.8,-47.725,-0.861,1.897,47.772
215.03,136.43,321.8,-47.728,-0.866,1.886,47.775
204.37,136.43,321.8,-47.746,-0.87,1.862,47.789
193.7,136.43,321.8,-47.758,-0.863,1.853,47.802
183.03,125.77,321.8,-47.802,-0.877,1.836,47.841
193.7,125.77,321.8,-47.769,-0.877,1.855,47.809
204.37,125.77,321.8,-47.752,-0.881,1.865,47.798
215.03,125.77,321.8,-47.742,-0.882,1.877,47.787
225.7,125.77,321.8,-47.727,-0.873,1.888,47.773
236.37,125.77,321.8,-47.722,-0.868,1.897,47.77
247.03,125.77,321.8,-47.722,-0.872,1.903,47.77
257.7,125.77,321.8,-47.718,-0.865,1.914,47.764
268.37,125.77,321.8,-47.718,-0.856,1.917,47.764
279.03,125.77,321.8,-47.725,-0.852,1.921,47.775
289.7,125.77,321.8,-47.737,-0.845,1.926,47.783
300.37,125.77,321.8,-47.74,-0.845,1.933,47.786
300.37,115.1,321.8,-47.745,-0.852,1.923,47.789
289.7,115.1,321.8,-47.734,-0.853,1.92,47.78
279.03,115.1,321.8,-47.727,-0.867,1.922,47.774
268.37,115.1,321.8,-47.723,-0.873,1.917,47.769
257.7,115.1,321.8,-47.722,-0.883,1.907,47.768
247.03,115.1,321.8,-47.723,-0.886,1.903,47.77
236.37,115.1,321.8,-47.731,-0.889,1.896,47.774
225.7,115.1,321.8,-47.734,-0.887,1.89,47.781
215.03,115.1,321.8,-47.748,-0.886,1.881,47.793
204.37,115.1,321.8,-47.766,-0.893,1.87,47.809
193.7,104.43,321.8,-47.801,-0.914,1.874,47.848
204.37,104.43,321.8,-47.77,-0.902,1.877,47.815
215.03,104.43,321.8,-47.754,-0.893,1.885,47.798
225.7,104.43,321.8,-47.743,-0.902,1.888,47.786
236.37,104.43,321.8,-47.731,-0.894,1.903,47.781
247.03,104.43,321.8,-47.73,-0.891,1.899,47.773
257.7,104.43,321.8,-47.723,-0.89,1.9,47.772
268.37,104.43,321.8,-47.73,-0.88,1.899,47.775
279.03,104.43,321.8,-47.729,-0.871,1.906,47.777
289.7,104.43,321.8,-47.743,-0.869,1.908,47.792
289.7,93.77,321.8,-47.74,-0.874,1.906,47.783
279.03,93.77,321.8,-47.736,-0.884,1.899,47.782
268.37,93.77,321.8,-47.727,-0.883,1.906,47.773
257.7,93.77,321.8,-47.727,-0.891,1.9,47.774
247.03,93.77,321.8,-47.726,-0.901,1.904,47.774
236.37,93.77,321.8,-47.738,-0.904,1.897,47.782
225.7,93.77,321.8,-47.747,-0.905,1.899,47.792
215.03,93.77,321.8,-47.763,-0.906,1.898,47.808
225.7,83.1,321.8,-47.748,-0.91,1.91,47.794
236.37,83.1,321.8,-47.738,-0.912,1.905,47.782
247.03,83.1,321.8,-47.727,-0.913,1.906,47.773
257.7,83.1,321.8,-47.726,-0.909,1.902,47.772
225.7,83.1,332.47,-47.748,-0.913,1.896,47.795
236.37,83.1,332.47,-47.735,-0.91,1.895,47.781
247.03,83.1,332.47,-47.728,-0.911,1.889,47.776
257.7,83.1,332.47,-47.735,-0.908,1.882,47.779
289.7,93.77,332.47,-47.747,-0.877,1.889,47.793
279.03,93.77,332.47,-47.744,-0.887,1.888,47.788
268.37,93.77,332.47,-47.738,-0.884,1.882,47.779
257.7,93.77,332.47,-47.729,-0.892,1.891,47.777
247.03,93.77,332.47,-47.736,-0.903,1.886,47.782
236.37,93.77,332.47,-47.74,-0.903,1.883,47.785
225.7,93.77,332.47,-47.75,-0.9,1.886,47.796
215.03,93.77,332.47,-47.764,-0.904,1.881,47.809
204.37,104.43,332.47,-47.776,-0.893,1.859,47.819
215.03,104.43,332.47,-47.76,-0.891,1.87,47.802
225.7,104.43,332.47,-47.748,-0.892,1.877,47.793
236.37,104.43,332.47,-47.736,-0.89,1.877,47.781
247.03,104.43,332.47,-47.737,-0.891,1.882,47.779
257.7,104.43,332.47,-47.732,-0.887,1.885,47.779
268.37,104.43,332.47,-47.734,-0.878,1.885,47.781
279.03,104.43,332.47,-47.745,-0.879,1.887,47.789
300.37,115.1,332.47,-47.752,-0.849,1.91,47.798
289.7,115.1,332.47,-47.743,-0.858,1.905,47.789
279.03,115.1,332.47,-47.739,-0.86,1.902,47.784
268.37,115.1,332.47,-47.739,-0.865,1.892,47.784
257.7,115.1,332.47,-47.728,-0.875,1.889,47.776
247.03,115.1,332.47,-47.734,-0.878,1.883,47.778
236.37,115.1,332.47,-47.73,-0.882,1.879,47.778
225.7,115.1,332.47,-47.741,-0.876,1.874,47.786
215.03,115.1,332.47,-47.752,-0.88,1.861,47.801
204.37,115.1,332.47,-47.771,-0.879,1.851,47.815
193.7,125.77,332.47,-47.771,-0.866,1.826,47.814
204.37,125.77,332.47,-47.759,-0.866,1.841,47.802
215.03,125.77,332.47,-47.741,-0.87,1.857,47.786
225.7,125.77,332.47,-47.737,-0.873,1.875,47.777
236.37,125.77,332.47,-47.727,-0.871,1.881,47.773
247.03,125.77,332.47,-47.726,-0.867,1.886,47.771
257.7,125.77,332.47,-47.73,-0.863,1.895,47.771
268.37,125.77,332.47,-47.723,-0.854,1.9,47.769
279.03,125.77,332.47,-47.731,-0.854,1.912,47.777
289.7,125.77,332.47,-47.752,-0.848,1.917,47.794
300.37,136.43,332.47,-47.75,-0.831,1.932,47.794
289.7,136.43,332.47,-47.734,-0.838,1.925,47.784
279.03,136.43,332.47,-47.723,-0.842,1.919,47.769
268.37,136.43,332.47,-47.714,-0.847,1.916,47.762
257.7,136.43,332.47,-47.723,-0.849,1.911,47.765
247.03,136.43,332.47,-47.716,-0.855,1.89,47.76
236.37,136.43,332.47,-47.721,-0.854,1.885,47.768
225.7,136.43,332.47,-47.727,-0.851,1.872,47.773
215.03,136.43,332.47,-47.73,-0.855,1.858,47.776
204.37,136.43,332.47,-47.748,-0.851,1.847,47.793
193.7,147.1,332.47,-47.742,-0.831,1.829,47.783
204.37,147.1,332.47,-47.728,-0.841,1.847,47.771
215.03,147.1,332.47,-47.717,-0.843,1.862,47.761
225.7,147.1,332.47,-47.711,-0.845,1.881,47.755
236.37,147.1,332.47,-47.706,-0.837,1.883,47.751
247.03,147.1,332.47,-47.704,-0.845,1.906,47.752
257.7,147.1,332.47,-47.707,-0.839,1.917,47.754
268.37,147.1,332.47,-47.713,-0.836,1.929,47.757
279.03,147.1,332.47,-47.721,-0.832,1.939,47.768
289.7,147.1,332.47,-47.733,-0.824,1.946,47.78
289.7,157.77,332.47,-47.719,-0.823,1.972,47.766
279.03,157.77,332.47,-47.712,-0.824,1.96,47.762
268.37,157.77,332.47,-47.704,-0.824,1.948,47.753
257.7,157.77,332.47,-47.696,-0.831,1.934,47.744
247.03,157.77,332.47,-47.693,-0.832,1.915,47.739
236.37,157.77,332.47,-47.692,-0.833,1.903,47.738
225.7,157.77,332.47,-47.692,-0.83,1.888,47.738
215.03,157.77,332.47,-47.702,-0.832,1.867,47.744
204.37,168.43,332.47,-47.692,-0.82,1.865,47.734
215.03,168.43,332.47,-47.677,-0.823,1.874,47.721
225.7,168.43,332.47,-47.675,-0.827,1.893,47.72
236.37,168.43,332.47,-47.674,-0.824,1.915,47.72
247.03,168.43,332.47,-47.673,-0.83,1.933,47.721
257.7,168.43,332.47,-47.685,-0.824,1.955,47.732
268.37,168.43,332.47,-47.688,-0.817,1.966,47.74
279.03,168.43,332.47,-47.7,-0.813,1.988,47.752
268.37,179.1,332.47,-47.666,-0.818,1.995,47.711
257.7,179.1,332.47,-47.664,-0.819,1.977,47.712
247.03,179.1,332.47,-47.663,-0.82,1.95,47.709
236.37,179.1,332.47,-47.654,-0.823,1.926,47.702
257.7,179.1,343.13,-47.671,-0.806,1.975,47.719
247.03,179.1,343.13,-47.661,-0.813,1.949,47.71
215.03,168.43,343.13,-47.681,-0.81,1.877,47.726
225.7,168.43,343.13,-47.676,-0.809,1.891,47.721
236.37,168.43,343.13,-47.677,-0.811,1.912,47.723
247.03,168.43,343.13,-47.681,-0.82,1.933,47.726
257.7,168.43,343.13,-47.689,-0.811,1.959,47.736
268.37,168.43,343.13,-47.696,-0.809,1.97,47.743
279.03,157.77,343.13,-47.718,-0.807,1.949,47.767
268.37,157.77,343.13,-47.71,-0.812,1.947,47.756
257.7,157.77,343.13,-47.7,-0.818,1.932,47.747
247.03,157.77,343.13,-47.699,-0.819,1.91,47.745
236.37,157.77,343.13,-47.695,-0.824,1.895,47.739
225.7,157.77,343.13,-47.701,-0.819,1.88,47.743
204.37,147.1,343.13,-47.728,-0.825,1.837,47.768
215.03,147.1,343.13,-47.716,-0.828,1.86,47.761
225.7,147.1,343.13,-47.709,-0.838,1.867,47.755
236.37,147.1,343.13,-47.709,-0.836,1.887,47.754
247.03,147.1,343.13,-47.712,-0.833,1.897,47.755
257.7,147.1,343.13,-47.716,-0.833,1.912,47.762
268.37,147.1,343.13,-47.718,-0.825,1.923,47.768
279.03,147.1,343.13,-47.731,-0.825,1.928,47.775
289.7,136.43,343.13,-47.755,-0.833,1.919,47.797
279.03,136.43,343.13,-47.738,-0.832,1.911,47.782
268.37,136.43,343.13,-47.73,-0.837,1.91,47.776
257.7,136.43,343.13,-47.723,-0.843,1.902,47.768
247.03,136.43,343.13,-47.72,-0.85,1.888,47.763
236.37,136.43,343.13,-47.719,-0.851,1.878,47.763
225.7,136.43,343.13,-47.726,-0.848,1.866,47.773
215.03,136.43,343.13,-47.733,-0.842,1.85,47.777
215.03,125.77,343.13,-47.747,-0.862,1.855,47.793
225.7,125.77,343.13,-47.734,-0.862,1.858,47.778
236.37,125.77,343.13,-47.728,-0.868,1.869,47.772
247.03,125.77,343.13,-47.731,-0.861,1.878,47.779
257.7,125.77,343.13,-47.729,-0.857,1.888,47.776
268.37,125.77,343.13,-47.737,-0.853,1.892,47.787
279.03,115.1,343.13,-47.747,-0.863,1.89,47.789
268.37,115.1,343.13,-47.742,-0.867,1.884,47.787
257.7,115.1,343.13,-47.737,-0.869,1.884,47.785
247.03,115.1,343.13,-47.738,-0.876,1.877,47.78
236.37,115.1,343.13,-47.738,-0.875,1.872,47.782
225.7,115.1,343.13,-47.747,-0.877,1.867,47.791
236.37,104.43,343.13,-47.741,-0.889,1.876,47.785
